Way Point,Total Mileage,Elevation,Trail Surface Type,Landmark,Water Details
CV001,0,3406',Trail,trailhead/water/Bend 14 miles W (all services),"canal, reliable late April to mid October"
CV002,0.5,3409',Trail,junction Black Lava Trail,"canal, reliable late April to mid October"
CV003,1.8,3481',Trail,junction,
CV004,3.7,3484',Trail,"(new trail constructed in 2017, look for cairns)",
CV005,4.1,3501',Trail,join Flat Iron Rock Trail,
CV006,5.0,3550',Trail,,
CV007,6.1,3629',Trail,Flat Iron Rock,
CV008,7.6,3625',Trail,junction,
CV009,8.9,3743',Cross Country,trailhead/Bend 20 miles W (all services),
CV010,9.7,3740',Primitive,cross dirt road,
CV011,10.2,3760',Primitive,merge with 2 track road,
CV012,10.5,3773',Primitive,junction,
CV013,11.5,4193',Primitive,junction,unreliable stock tanks
CV014,11.8,4259',Primitive,continue through barbed wire fence gate,
CV015,13.4,4633',Cross Country,start x-country,new 2021 observation
CV016,14.7,4672',Cross Country,,
CV017,15.0,4764',Cross Country,gain ridge,
CV018,15.4,4662',Primitive,regain 2-track road,
CV019,16.1,4265',Primitive,continue through 4 way junction to OHV Trail 30,
CV020,17.1,4337',Primitive,left at junction,
CV021,17.9,4291',Primitive,right at junction,
CV022,18.2,4314',Primitive,join OHV Trail 32,
CV023,19.5,4268',Primitive,right on OHV Trail 36,
CV024,20.6,4403',Primitive,veer left onto OHV Trail 30,
CV025,21.6,4278',Primitive,,
CV026,22.0,4265',Cross Country,crossed paved Spencer Wells Road & start x-country,
CV027,22.3,4321',Primitive,join road,
CV028,22.7,4311',Primitive,right on road,
CV029,22.9,4304',Primitive,cross road,
CV030,23.5,4439',Primitive,junction,
CV031,23.6,4439',"primitive (looks more like a trail)
",cross fence at USFS boundry,
CV032,25.1,5715',Primitive,junction with FS 2017-430 road,
CV033,25.2,5630',Primitive,merge with FS 2017-400,
CV034,26.5,5919',Maintained,right on FS 2017 road,
CV035,27.2,6175',Primitive,"Pine Mountain campground (pit toilets, no water)",
CV036,27.7,6106',Primitive,junction,unreliable stock tanks
CV037,31.1,4869',Primitive,left at junction,
CV038,31.7,4829',Primitive,right at junction,
CV039,31.8,4826',Primitive,,unreliable: Antelope Spring (historically dry)
CV040,31.8,4823',Primitive,cross road,
CV041,32.0,4826',Primitive,follow FS 2300-310 road,
CV042,32.3,4839',Primitive,junction,
CV043,32.5,4843',Primitive,junction,
CV044,33.2,4859',Primitive,,
CV045,33.5,4869',Primitive,junction,
CV046,33.6,4879',Primitive,right at fork,
CV047,33.8,4885',Primitive,right onto FS 2300-323,
CV048,35.0,4902',Primitive,junction,
CV049,35.2,4902',Primitive,junction,
CV050,35.5,4911',Primitive,cross fence at Sand Spring Compensation Station,questionable: Pumice Spring
CV051,36.0,4934',Maintained,join FS 23 road,
CV052,36.4,4944',,Sand Springs Campground (primitive),reliable until dry years in fall: Sand Spring in campground
CV052,36.4,4944',Maintained,Sand Springs Campground,reliable until dry years in fall: Sand Spring in campground
CV053,37.0,4970',Maintained,junction,
CV054,37.3,4984',Maintained,junction,
CV055,37.7,4980',Primitive,left at junction,
CV056,38.6,5007',Primitive,cross road,unreliable: Plot Butte Waterhole
CV057,38.8,5003',Primitive,cross road,unreliable: trough.2 East on road may have rainwater
CV058,39.5,5066',Primitive,cross road,
CV059,39.9,5049',Primitive,cross gate,unreliable: trough may have rainwater
CV060,40.1,5046',Primitive,,
CV060a,40.6,5056',Primitive,left at junction,unreliable: water trough/guzzler between CV060a & CV061
CV061,41.1,5069',Primitive,,
CV062,41.4,4957',Primitive,junction,
CV063,42.1,4980',Primitive,junction,unreliable: trough may have rainwater
CV064,42.8,5131',Primitive,cross gate,
CV065,43.2,5177',Maintained,left on FS 2315 road,unreliable: trough half way from next CV067 off trail uphill from road
CV066,43.5,5177',Maintained,,unreliable: trough half way from next CV067 off trail uphill from road
CV067,44.1,5167',Maintained,right on road,
CV068,44.6,5151',Maintained,junction,
CV069,45.0,5151',Maintained,junction,unreliable: fenced in water hole .3 east
CV070,45.4,5144',Maintained,,
CV071,46.6,5177',Maintained,junction,
CV072,46.9,5144',Primitive,junction,
CV073,47.5,5138',Primitive,junction,
CV074,48.1,5118',Primitive,cross road,
CV075,48.7,5210',Primitive,left at fork,
CV076,49.5,5135',Primitive,junction,unreliable: trough may have rainwater
CV078,49.7,5164',Primitive,,
CV079,49.9,5325',Primitive,,
CV080,50.7,5098',Primitive,left at junction,
CV081,50.9,5092',Primitive,,
CV082,52.4,4849',Primitive,junction,
CV083,52.8,4829',Primitive,left at junction,
CV084,53.0,4793',Primitive,left at junction,
CV085,53.2,4833',Primitive,junction/reservoir,unreliable: South Reservoir cow pond
CV086,,4724',,1.5 miles off trail,"relieable: Aspen Butte Well (trough) turned on in early May, off at end of Sept"
CV085,53.2,4833',Cross Country,start x-country/reservoir,unreliable: South Reservoir cow pond
CV087,53.7,4852',Cross Country,,
CV088,55.1,4724',Primitive,join road,
CV089,57.0,4642',Primitive,cross gate,
CV090,57.4,4616',Primitive,cross gate,
CV091,59.2,4511',Cross Country,start x-country,
CV91A,59.7,4511',Cross Country,Junction with CV Alternate,
CV092,59.9,4475',Primitive,join road,
CV093,60.2,4469',Cross Country,"start x-country, follow fence line",
CV094,61.1,4403',Cross Country,cross Millican Road,
CV095,63.1,4478',Cross Country,cross road,
CV096,65.1,4495',Cross Country,cross road,
CV097,67.3,4528',Cross Country,cross dry Peter's Creek drainage,
CV098,67.9,4577',Maintained,join Frederick Butte Road,
CV099,68.2,4600',Maintained,junction to Peters OHV  campground & water,
CV100,,4606',Maintained,Peter's Creek OHV campground entrance .2 miles off trail,
CV101,,4593',Cross Country,.1 miles off trail,reliable: water spigots - Peters OHV Campground 
CV102,68.2,4600',Primitive,,
CV103,70.1,4495',Primitive,left at 4-way junction,
CV104,70.5,4518',Primitive,cross gate,
CV105,71.6,4501',Primitive,,unreliable cow troughs
CV106,73.0,4570',Primitive,junction,
CV107,74.2,4646',Primitive,junction,
CV108,74.4,4639',Primitive,right at junction,
CV109,77.3,4472',Cross Country,start x-country,questionable: Mean Rock Well (trough)
CV110,79.1,4436',Cross Country,junction,
CV111,80.9,4426',Primitive,join road,
CV091A,58.9,4511',Cross Country,,
ALTCV01,59.4,4478',Cross Country,,
ALTCV02,59.5,4472',Cross Country,,
ALTCV03,60.6,4403',Primitive,join road,
ALTCV03A,61.5,4393',Cross Country,cross lava flow,
ALTCV04,61.8,4386',Primitive,junction,
ALTCV05,64.1,4446',Primitive,,
ALTCV06,65.5,4455',Maintained,join maintained road,
ALTCV07,67.3,4495',Primitive,junction to primitive road,
ALTCV10,68.8,4580',Primitive,junction - make a side trip to Ice Cave Pothole,unreliable guzzler
ALTCV11,70.8,4751',Primitive,join road,"unreliable: Boundary well, ward reservoir"
ALTCV12,72.7,4970',Primitive,junction,
ALTCV13,75.2,4678',Primitive,junction,
ALTCV14,76.1,4459',Trail  ,parking area for Crack in the Ground,
ALTCV15,77.5,4419',Cross Country,start x-country,
ALTCV16,78.0,4432',Primitive,join road,
ALTCV17,78.9,4341',Primitive,junction,
ALTCV18,80.3,4321',Primitive,junction,
ALTCV19,81.3,4324',Maintained/Paved,junction,
ALTCV20,83.3,4318',Paved,outskirts of Christmas Valley,
ALTCV20a,84.3,4321',Paved,Christmas Valley,reliable: Christmas Valley 
ALTCV21,86.6,4337',Paved,,
ALTCV22,87.4,4423',Primitive,junction,
ALTCV23,88.4,4567',Primitive,junction,
ALTCV24,89.0,4639',Primitive,,
ALTCV25,91.1,5003',Primitive,,
ALTCV26,93.3,5331',Cross Country,start x-country,unreliable: Upper Corral Res
ALTCV27,95.7,5249',Primitive,join road,unreliable: Dead Reservoir
ALTCV28,96.1,5243',Cross Country,start x-country,unreliable: St. Patrick Res #2
ALTCV29,98.2,5226',Primitive,join road,unreliable: Lower Juniper Res (at base of canyon)
WB037,100.9,4954',Primitive,junction,unreliable: Coyote Bedground Res (half way to ALTCV29) and wildlife guzzler 1 mile north of Coyote Bedground Res
CV111,80.9,4426',Primitive,join road,
CV112,81.8,4446',Primitive,start x-country,
CV113,82.8,4455',Cross Country,join road,
CV114,83.5,4551',Primitive,start x-country,
CV115,84.0,4416',Primitive,parking area,
CV116,84.1,4413',Cross Country,"cross road, start x-country",
CV118,85.5,4482',Cross Country,join road,
CV119,86.2,4518',Primitive,,
CV120,86.7,4514,Primitive,,
CV121,87.7,4554',Cross Country,start x-country,
CV122,88.4,4688',Cross Country,,
CV123,89.0,4849',Cross Country,,
CV124,89.7,4836',Cross Country,,
CV125,91.5,4724',Cross Country,,
CV126,93.2,4751',Cross Country,,
CV127,94.7,4659',Cross Country,cross road  ,
CV128,95.4,4678',Cross Country,pass juniper tree,
CV129,96.8,4557',Primitive,join road,
CV130,97.3,4577',Primitive,,
CV131,97.7,4659',Cross Country,start x-country,
CV132,98.4,4606',Cross Country,,
CV133,99.4,4557',Maintained,meet paved Wagontire Road. Christmas Valley 19 miles to west (all services),
WB001,99.4,4524',Primitive,meet paved Wagontire Road. Christmas Valley 19 miles to west (all services),
WB002,100.1,4524',Primitive,,
WB003,101.1,4537',Primitive,water trough,unreliable: water trough
WB004,101.3,4462',Primitive,Midway Well,questionable: water trough
WB005,102.0,4459',Primitive,right on road,
WB006,102.2,4455',Primitive,,
WB007,102.7,4459',Primitive,cross under power line,
WB008,102.9,4455',Primitive,left at junction/trough,reliable: water trough (big blue tub of water)
WB009,103.3,4478',Primitive,junction,
WB010,103.6,4469',Primitive,cattle guard/power line/trough,unreliable: water trough
WB011,104.7,4482',Primitive,trough,unreliable: water trough
WB012,105.4,4508',Primitive,junction,unreliable: water trough
WB013,106.5,4534',Primitive,,
WB014 ,107.7,4583',Primitive,,
WB015,109.1,4678',Cross Country,start x-country,
WB016,109.8,4813',Cross Country,,
WB017,110.5,5033',Cross Country,,
WB018,111.1,4921',Cross Country,,
WB019,112.2,5223',Cross Country,notch in ridge,
WB020,112.7,5184',Cross Country,waterholes to south,unreliable: Depaoli & Packsaddle Lake
WB021,113.4,5259',Cross Country,,
WB022,114.5,5154',Cross Country,cross 2-track road,
WB023,114.7,5292',Cross Country,,
WB024,115.1,,,cross 2-track road/waterhole to south,unreliable: Handy waterhole
WB025,116.2,5322',Cross Country,,unreliable: pond
WB026,116.5,5443',Cross Country,cairn,
WB027,117.0,5420',Cross Country,fence,
WB028,118.4,5102',Cross Country,,
WB029,119.0,4977',Cross Country,cross 2-track road,
WB030,119.2,4931',Primitive,join road,
WB031,119.9,4780',Primitive,county waterhole,unreliable: county waterhole 15
WB032,120.6,4724',Primitive,,
WB033,121.4,4787',Primitive,county waterhole,unreliable: county waterhole 9
WB034,122.2,4944',Primitive,county waterhole mid way to WB035,unreliable: county waterhole 7
WB035,123.2,5026',Cross Country,start x-country,
WB036,124.3,4672',Primitive,join 2-track,
WB037,125.4,4954',Primitive,left at junction ,Contact ONDA for water cache info in the area odt@onda.org
WB038,127.1,5220',Primitive,,
WB038,127.1,5220',Primitive,,
WB039,127.8,5315',Primitive,,
WB040,128.7,5082',Primitive,,
WB041,129.7,5066',Primitive,right at junction,
WB042,129.9,5033',Cross Country,start x-country,
WB043,130.5,5052',Cross Country,,
WB044,131.3,5131',Cross Country,,
WB045,132.2,5085',Cross Country,,
WB046,132.9,4245',Cross Country,,
WB047,133.5,5587',Cross Country,,
WB048,134.1,5945',Cross Country,Diablo Peak,
WB049,134.7,5702',Cross Country,,
WB050,135.4,5577',Cross Country,,
WB051,136.1,5682',Cross Country,,
WB052,136.6,5551',Cross Country,,
WB053,137.2,5948',Cross Country,,
WB054,138.3,5837',Cross Country,,
WB055,138.8,5846',Cross Country,start downhill,
WB056,139.4,5732',Cross Country,,
WB057,140.1,5561',Cross Country,,
WB058,140.8,5469',Primitive,join 2-track road,unreliable: Slim Reservoir to west
WB059,141.6,5367',Primitive,,
WB060,142.2,5354',Primitive,,
WB061,142.5,5361',Primitive,waterhole,unreliable: Between Rim waterhole
WB062,143.1,5394',Primitive,,
WB063,143.6,5197',Primitive,waterhole,unreliable: Inter Mountain waterhole
WB064,144.2,5348',Primitive,,
WB065,144.7,5305',Primitive,,
WB066,145.5,5207',Primitive,,
WB067,146.4,5056',Primitive,waterhole,Giant Waterhole
WB068,147.2,5030',Primitive,,
WB069,148.5,4970',Primitive,right at junction,
WB070,149.5,4885',Primitive,waterhole,unreliable: Rocky waterhole
WB071,149.9,4948',Maintained,right on road,
WB072,151.4,4675',Maintained,,
WB073,153.2,4459',Maintained,junction,
WB074,153.8,4403',Maintained,,
WB075,155.7,4334',Paved,right on road,
WB076,156.8,4341',Paved,junction,
WB077,159.8,4449',Paved,,
WB078,160.5,4367',Paved,walk through town of Paisley (all services) 6.2 miles W to Summer Lake Hot springs. 29.3 miles W to town of Summer Lake,Paisley
WB078,160.5,4367',Paved,walk through town of Paisley (all services) 6.2 miles W to Summer Lake Hot springs. 29.3 miles W to town of Summer Lake,Paisley
WB079,162.0,4603',Paved,,
WB080,163.2,4626',Paved,,
WB081,164.8,4669',Paved,,
WB082,167.6,4787',Paved,campground/pit toilets/water from Chewaucan River,reliable: Chewaucan River
WB083,168.2,4888',Trail  ,Chewaucan Crossing/campground/pit toilets/water/join trail,reliable: Chewaucan River
WB084,168.4,4872',Trail  ,,
WB085,170.4,5561',Trail  ,Cat Canyon,reliable: creek
WB086,171.5,5814',Trail  ,,
WB087,172.8,5833',Trail  ,Skunk Hollow,questionable in the fall: creek
WB088,175.7,6227',Trail  ,Avery Pass,questionable: spring .5 miles W on road
WB089,177.1,6906',Trail  ,,
WB090,178.1,6798',Trail  ,,
WB091,179.1,6949',Trail  ,Morgan Butte/short side trip to lookout tower,pit toilet
WB092,180.1,6598',Trail  ,junction,
WB093,181.1,6857',Trail  ,spring off trail,questionable in the fall: Myers Meadow spring 
WB094,182.1,7024',Trail  ,,
WB095,183.5,6722',Trail  ,spring  ,questionable in the fall: Round Mountain spring trough
WB096,185.2,6299',Trail  ,spring between WB097,questionable: spring
WB097,187.2,6444',Trail  ,Moss Pass - cross road/spring,reliable: Moss spring
WB098,189.9,5791',Trail  ,junction,unreliable: Green creek
WB099,193.2,5233',Trail  ,creek,reliable: Pine creek
WB100,193.5,5203',Primitive,,
WB101,194.4,5026',Primitive,,
WB102,195.4,5000',Trail  ,junction/water north on trail in creek,questionable: creek
WB103,197.7,5551',Trail  ,junction,
WB104,201.4,5705',Maintained,Cox Trail Head - right on road,
WB105,202.5,5354',Maintained,junction,
WB106,202.9,5279',Maintained,junction/creek,unreliable: Fawn creek
WB107,204.1,5325',Maintained,follow Cox Creek,unreliable: possible agricultural runoff
WB107a,205.4,4987',Maintained,join road,Agricultural runoff 
WB108,206.8,4931',Maintained,junction,Pond under road
WB109,208.0,4941',Paved  ,left on 295/Lakeview 8 miles south )on 295 (all services),
WB110,209.2,4941',Paved  ,junction,
WB111,210.6,4711',Paved  ,juction with Hwy 395/Valley Falls 14 miles north (limited resupply),
WB111,210.6,4711',Maintained,juction with Hwy 395/Valley Falls 14 miles north (limited resupply),
WB112,210.8,4718',Primitive,junction,
WB113,212.4,5118',Primitive,Mill Trail Head - start to walk along creek,reliable: Crooked creek until WB118
WB114,213.2,5210',Trail   ,,reliable: Crooked creek until WB118
WB115,213.7,5390',Trail   ,junction,reliable: Crooked creek until WB118
WB116,215.3,5745',Trail   ,junction,reliable: Crooked creek until WB118
WB117,217.2,6818',Trail   ,,reliable: Crooked creek until WB118
WB118,218.6,6942',Trail   ,continue uphill at intersection,reliable: Crooked creek until WB118
WB119,219.2,7060',Trail   ,cross road/South Crooked Creek Trailhead,
WB120,219.3,7139',Trail   ,junction,
WB121,220.5,7575',Trail   ,,
WB122,221.3,7608',Trail   ,junction/spring,questionable: Hanks spring
WB123,223.4,7172',Trail   ,junction,
WB124,225.3,6719',Trail   ,junction,
WB125,225.6,6611',Trail   ,creek,reliable: First Swale creek
WB126,225.7,6565',Trail   ,cross road/Swale Trailhead,
WB127,226.8,6378',Trail   ,cross dirt road,
WB128,227.3,6168',Trail   ,cross dirt road,
WB129,227.7,6010',Trail   ,creek,reliable: Honey creek
WB130,229.2,5994',Trail   ,,
WB131,230.0,6112',Trail   ,creek,reliable: creek
WB132,230.3,6125',Trail   ,lake/campground/pit toilets,questionable: V Lake
WB133,230.5,6135',Primitive,junction onto 2-track road,
WB134,230.9,6135',Primitive,junction,
WB135,232.4,6453',Primitive,creek,reliable: Little Honey creek
WB136,232.6,6427',Cross Country,short x-country to road,
WB137,232.9,6572',Primitive,junction,
WB138,233.4,6598',Primitive,marsh,questionable in fall: Lower White Pine marsh
WB139,233.8,6647',Cross Country,start x-country,
WB140,234.7,6870',Cross Country,cross fence,
WB141,235.7,7037',Cross Country,,
WB142,236.4,6880',Cross Country,,
WB143,237.9,6952',Cross Country,,
WB144,239.6,6880',Cross Country,viewpoint/ make sharp right,
WB145,241.3,6545',Primitive,left on road,unreliable: Priday Lake
WB146,241.8,6512',Primitive,junction,
WB146,241.8,6512',Primitive,junction,
WB148,243.0,6348',Primitive,Colvin Lake to south,reliable: Colvin Lake
WB149,243.6,6260',Primitive,creek,unreliable: Snyder Creek
WB150,244.1,6230',Cross Country,start x-country,
WB151,244.6,6184',Cross Country,"junction, head downhill",questionable: Lake
WB152,245.4,5945',Primitive,rejoin road,unreliable: Snyder Creek
WB153,246.1,5988',Cross Country,start x-country,
WB154,247.1,5948',Cross Country,,
WB155,247.7,5988',Primitive,rejoin road,
WB156,248.2,5866',Primitive,junction,unreliable: Pond 1/4 mile north
WB157,249.9,6204',Primitive,junction,
WB158,250.3,6066',Primitive,junction,
WB159,251.1,6230',Primitive,right  on 2-track,
WB160,,6053',,,
WB161,251.8,6056',Primitive,right on 2-track,
WB162,252.6,5978',Primitive,junction,unreliable: Mud Spring .2 to the S along road
WB163,253.1,5994',Primitive,trough,questionable: water trough
WB164,253.5,5860',Primitive,spring,unreliable: Juniper Spring
WB165,254.8,6440',Primitive,,"unreliable: Pond near the word ""Miners"" in between WB165 and WB166"
WB166,255.4,5971',Primitive,trough,unreliable: George Spring
WB167,256.3,5604',Maintained,trough/join maintained road,unreliable: spring
WB168,257.8,5236',Maintained,junction,
WB168a,259.7,4879',Maintained,junction,
WB169,261.0,4803',Maintained,right on paved road,
WB170,262.9,4593',Paved,junction,
WB171,265.8,4518',Paved,Plush .9 South (all services),
WB172,,4505',,(off trail) Plush (all services) Adel 18 miles S on Hwy 3-10 (limited resupply),reliable: Plush - water spigot in park at south end of town
WB171,265.8,4518',Paved,(off trail) Plush (all services) Adel 18 miles S on Hwy 3-10 (limited resupply),reliable: Plush - water spigot in park at south end of town
WB173,268.9,4478',Paved,begin walk around Hart Lake,unreliable: alkaline with heavy ag use
WB174,271.4,4488',Primitive,south on 2-track road,
WB175,273.4,4505',Primitive,spring under road,reliable: spring
WB176,274.8,4521',Primitive,spring uphill from road,reliable: spring
WB177,275.6,4482',Primitive,,
WB178,277.7,4498',Primitive,,
WB179,278.5,4505',Primitive,left at junction,
WB180,280.1,4498',Primitive,trough inside fence south of jeep road,questionable: spring water in trough
WB181,280.6,4505',Primitive,spring,unreliable: spring
WB181a,281.3,4495',Cross Country,,
WB181b,281.6,4482',Primitive,meet road,
WB181c,282.4,4511',Primitive,,
WB182,283.5,4521',Primitive,"junction/15 miles to Adel via dirt road to the south (10 on dirt road, 5 miles west on Hwy 140)",
WB183,,4541',Primitive,.4 miles south of WB182,questionable: WB183 Fisher hot springs to S. On private land. Quality of water in the canyon for drinking is debatable
WB184,286.4,5259',Primitive,Robinson Lake,unreliable: Robinson Lake
WB185,286.7,5338',Primitive,left at junction,
WB186,287.3,5495',Primitive,junction,
WB187,289.2,5620',Primitive,dry lake on left,unreliable: Wool Lake
WB188,290.7,5686',Primitive,left at junction,unreliable: Pond 2 miles north
WB189,293.7,5876',Primitive,spring north along trail,unreliable: spring
WB190,294.3,5889',Primitive,old homestead,
WB191,294.9,5873',Primitive,creek,questionable in fall: Warner Creek
WB192,297.3,5902',Primitive,creek,reliable: Guano Creek
WB193,299.0,5988',Primitive,left at junction,
WB194,299.6,6040',Primitive,junction,
WB195,300.1,6070',Primitive,creek,reliable: Guano Creek
WB196,300.5,6073',Primitive,junction,
WB197,301.1,6250',Primitive,creek,reliable: Guano Creek
WB198,303.0,6906',Primitive,junction,reliable: at start of Guano Creek .5 mile S
WB199,304.4,6398',Primitive,old homestead to west/spring at homestead,questionable in fall: spring
WB200,305.4,6499',Primitive,junction,
WB201,306.8,6070',Primitive,creek/Hot Springs Campground - pit toilets & hot springs!,reliable: Rock Creek
WB202,307.1,6060',Primitive,,reliable: Rock Creek
WB203,308.0,5909',Primitive,junction,
WB204,308.9,5817',Primitive,left at junction,
WB205,309.6,5761',Primitive,junction,
WB206,310.5,5719',Primitive,,
WB208,311.3,5617',Primitive,Hart Headquarters,reliable: spigot in parking lot 
WB208,311.3,5617',Primitive,Hart Headquarters,reliable: spigot in parking lot 
WB209,311.8,5653',Primitive,right at junction,
WB210,312.7,5591',Primitive,creek,questionable in the fall: Rock Creek
WB211,315.3,5587',Primitive,,
WB212,317.3,5486',Cross Country,start x-country/spring/lake  1/2 mile E,questionable: Poker Jim Spring (ontrail) /Poker Jim Lake 1/2 mile E
WB213,319.1,5322',Cross Country,,
WB214,320.7,5203',Cross Country,,
WB215,321.3,5194',Cross Country,,
WB216,321.9,5056',Cross Country,,questionable: Rock Creek - lower water in late summer
WB217,322.8,5010',Cross Country,creek,questionable: Rock Creek - lower water in late summer
WB218,324.3,5023',Primitive,creek/rejoin trail,questionable: Rock Creek - lower water in late summer
WB219,326.9,4951',Primitive,water hole/creek,questionable: Rock Creek - lower water in late summer
WB220,328.0,4941',Primitive,junction,
WB221,329.5,4964',Primitive,left at junction,
WB222,330.6,4938',Primitive,,
WB222a,332.4,4990',Primitive,,
WB223,333.4,5007',Primitive,junction,
WB224,333.7,5010',Primitive,,
WB225,334.0,4981',Primitive,,
WB224,334.0,5010',Primitive,,
AltOC01,,4984',Cross Country,Total distance of alternate route is 5 miles versus 3.6 on orginal route,
AltOC02,,4852',Cross Country,,unreliable: Shingle Reservoir
AltOC03,,5075',Primitive,,
WB225,337.1,5059',Primitive,right onto Buckhorn Canyon Road,
ALTOC03,337.6,5060',Primitive,junction,
WB226,340.1,5020',Primitive,junction,
WB227,341.0,4941',Primitive,junction,
WB228,341.2,4931',Primitive,spring pond,unreliable: Buckhorn Spring
WB229,341.8,4879',Primitive,,
WB230,343.0,4905',Cross Country,gate/start x-country,Reliable: Augustine Gilbert Place (1.25 miles one way to homestead)
WB231,343.3,4833',Primitive,join Sand Valley Augustine Road,
WB232,346.4,4731',Primitive,junction,
WB233,348.5,4777',Primitive,spring reservoir,questionable: Mud Spring Reservoir (muddy). Landowners have given permission to continue on road to Millerplace to access the water at the old homestead
WB234,350.2,4672',Cross Country,,
WB234a ,351.1,4698',Cross Country,,
WB235,352.4,4754',Cross Country,"trough to N, hikers have permission to access water at Miller Place. Please respect the private land. No camping.",reliable: Miller Place trough & electric pump (on private land) to the N
WB236,353.9,4734',Primitive,parellel power lines,Landowners have given permission to continue on road to Miller Place to access the water at the old homestead
WB236a,354.7,4764',Primitive,,
WB237,356.0,4672',Cross Country,start x-country,
WB238,357.6,4649',Cross Country,,
WB239,358.2,4662',Primitive,rejoin 2-track road & powerlines,
WB240,359.6,4764',Primitive,,unreliable: Little Walls Lake .5 ESE
WB241,361.4,4744',Primitive,,unreliable: Walls Lake .5 N on trail
WB242,361.9,4715',Primitive,junction,
WB243,363.1,4816',Primitive,join Jack Mountain Road,
WB244,363.3,4803',Cross Country,start x-country,
WB245,363.6,4790',Cross Country,water hole,unreliable: waterhole/seasonal creek
WB246,365.6,4951',Cross Country,,
WB247,367.0,4938',Primitive,NE on 2-track road  ,
WB248,368.0,5098',Primitive,left at junction,unreliable: Water hole .75 E on trail
WB249,370.0,5253',Primitive,reservoir,questionable: Griffith Spring Reservoir
WB250,370.7,5207',Primitive,water hole,unreliable: water hole
WB251,373.1,4787',Paved,join road,
WB252,374.2,4196',Paved,Frenchglen (all services) Burns 60 miles N on Hwy 205 (all services),Frenchglen
WB252,374.2,4196',Maintained,Frenchglen (all services) Burns 60 miles N on Hwy 205 (all services),Frenchglen
EB001,374.3,4344',Maintained,Steens Loop Road,
EB002,375.6,4203',Maintained,junction,
EB003,375.8,4209',Maintained,junciton,
EB004&5,377.0,4259',Primitive,"junction/ .5 head E for Steens Mountain Ranch (camp store!) and over the river to Page Springs Campground ($8, water and pit toilets)",reliable: water off trail at Steens Mountain Ranch and Page Springs Campground
EB006,377.3,4364',Primitive,junction ,
EB04&05,,4259',Maintained,Total distance of alternate route is 6 miles versus 6.1 on orginal route,reliable: Donner & Blitzen River
ALTBRT01,,4255',Trail ,,reliable: Donner & Blitzen River
ALTBRT02,,4344',Trail,,reliable: Donner & Blitzen River
ALTBRT03,,4495',Trail,,reliable: Donner & Blitzen River
ALTBRT04,,4524',Cross Country,confluence with Fish Creek,reliable: Donner & Blitzen River
ALTBRT05,,4859',Cross Country,meet ODT route at Big Spring,reliable: Big Spring
EB007,378.4,4501',Primitive,,
EB008,381.8,4734',Primitive,,
EB009,382.3,4465',Primitive,cross river,reliable: Donner & Blitzen River
EB010,383.1,4797',Cross Country (old road is pretty much gone),spring,reliable: Big Spring
EB011,384.4,5062',Cross Country (old road is pretty much gone),junction,
EB012,385.2,5262',Cross Country (old road is pretty much gone),junction,
EB013,386.5,5210',Cross Country (old road is pretty much gone),,
EB014,389.8,5390',Cross Country (old road is pretty much gone),reservoir to SW,reliable: Desert Meadow Reservoir
EB015,390.3,5371',Primitive,junction,
EB016,391.1,5390',Cross Country,start x-country,
EB017,391.7,5295',Cross Country,creek,reliable: Little Blitzen Creek
EB018,392.5,5348',Maintained,"0.1 before EB018 join maintained road/South Steens Campground -$6, water & pit toilets",reliable: South Steens Campground - spigot near pumphouse at entrance
EB018,392.5,5348',Maintained,0.1 before EB018 join maintained road/South Steens Campground - water & pit toilets,reliable: South Steens Campground - spigot near pumphouse at entrance
EB019,392.9,5410',Trail  ,,
EB020,394.7,5712',Trail,creek,reliable: Little Indian Creek
EB020a,397.0,6204',Trail,creek,reliable: Little Indian Creek
EB021,398.1,6352',Trail,creek,reliable: Big Indian Creek
EB022,400.3,7021',Cross Country,climb up ridge,
EB023,402.0,9055',Maintained,join Steens Mountain Loop Road,reliable: spring at marshy bench area at top of climb
EB023a,403.1,9570',Maintained,right at junction,
EB024,405.2,9222',Trail,join trail,
EB025,406.3,8520',Cross Country,lake/follow creek at outlet,reliable: Wildhorse Lake/creek until EB026
EB025a,407.2,7864',Cross Country,creek,reliable: Wildhorse Creek until EB026
EB026,408.8,6686',Cross Country,creek,reliable: Wildhorse Creek until EB026
EB027,409.7,6634',Cross Country,,
EB028,410.4,6732',Cross Country,cairn/spring,questionable: spring just before next waypoint
EB029,410.8,6381',Cross Country,join trail,
EB030,411.8,6191',Primitive,junction,questionable: trough
EB031,413.5,5479',Cross Country,junction/start x-country,
EB032,415.5,4541',Cross Country,join trail,questionable: spring north of waypoint
EB033,416.5,4042',Maintained,"join road/Alvord Hot Spring 1.7 N on road (bathrooms, $5 hotsprings, camping, store)",reliable: Frog springs about a mile to the south
EB031,,5479',Primitive,"junction Total distance of alternate route is 4 miles versus 3 on orginal route	
	
	",
ALTAV01,,4698',Primitive,junction,
ALTAV02,,4055',Paved,Alvord Hot Springs,reliable: water for sale at Hot Springs
EB033,416.5,4042',Paved,"join road/Alvord Hot Spring 1.7 N on road (bathrooms, $ hotsprings, camping, store)",reliable : Frog springs about a mile south at public access to Alvord Desert
EB034,418.9,4249',Primitive,join 2-track road,
EB035,421.0,4055',Cross Country,start x-country,
EB036,422.2,4055',Cross Country,cross 2-track road,
EB037,424.7,4026',Cross Country,,
EB038,426.2,4032',Cross Country,spring,unreliable: Dixon Spring - brackish
EB039,428.1,4032',Cross Country,,
EB039a,429.7,4032',Cross Country,,
EB039b,431.1,4049',Cross Country,,
EB040,431.5,4058',Cross Country,,
EB040a,431.7,4075',Cross Country,hot springs,unreliable: high levels of arsenic and extremely hot temps
EB041,431.9,4081',Primitive,hot springs/join 2-track road,unreliable: high levels of arsenic and extremely hot temps
EB041a,434.2,4088',Primitive,,
EB042,434.5,4091',Primitive,right at junction,
EB043,436.6,4242',Paved,left onto highway,
EB044,438.4,4226',Paved,Fields (all services),reliable: Fields
EB044,438.4,4226',Paved,Fields (all services),reliable: Fields
EB045,441.4,4183',Maintained,turn right onto dirt road from highway,
EB046,443.2,4567',Maintained,junction,questionable: Sesena Creek
EB047,444.4,4879',Maintained,junction,questionable: Sesena Creek
EB048,445.3,5121',Primitive,,
EB049,445.9,5249',Primitive,,questionable: Starr Spring outlet 1 mile N
EB050,446.2,5482',Primitive,fence coner,
EB051,446.8,5548',Primitive,spring,reliable: Roux Spring
EB054,449.2,5873',Cross Country,"start x-country, follow cairns",
C02,,6175',Cross Country,Cairn,
C03,,6565',Cross Country,Cairn,
C04,,6831',Cross Country,Cairn,
C05,,6959',Cross Country,Cairn,
C06,,7103',Cross Country,Cairn,
C07,,7352',Cross Country,Cairn,
C08,,7493',Cross Country,Cairn,
C09,,7484',Cross Country,Cairn,
C10,,7382',Cross Country,Cairn,
C11,,7372',Cross Country,Cairn,
C12,,7582',Cross Country,Cairn,
C13,,7694',Cross Country,Cairn,
C14,,7516',Cross Country,Cairn,
C15,,7516',Cross Country,Cairn,
EB069,453.0,7448',Cross Country,spring,questionable in fall: spring
EB070,453.1,7625',Cross Country,spring,questionable in fall: spring
C16,,6444',Cross Country,Cairn,
C17,,7310',Cross Country,Cairn,
C19,,7654',Cross Country,Cairn,
C20,,7779',Cross Country,Cairn,
C21,,7556',Cross Country,Cairn,
C22,,6995',Cross Country,Cairn,
C23,,6978',Cross Country,Cairn,
C24,,7110',Cross Country,Cairn/spring,questionable in fall: spring
C27,,7096',Cross Country,Cairn,
C29,,6923',Cross Country,Cairn,
EB081,457.1,7037',Primitive,rejoin 2-track road,
EB082,457.3,6890',Primitive,spring/start x-country,questionable in fall: Ten Cent Meadow Spring
C32,,6385',Cross Country,Cairn,
C33,,6453',Cross Country,Cairn,
C34,,6716',Cross Country,Cairn,
C39,,6857',Cross Country,Cairn,
C40,,6955',Cross Country,Cairn,
EB089,460.6,6854',Cross Country,,
C42,,6444',Cross Country,Cairn,questionable in fall: spring half way between data points
EB091,461.4,6289',Cross Country,,reliable: Denio Creek
EB092,461.9,5846',Cross Country,,
EB093,462.4,5965',Cross Country,,
EB094,463.4,5620',Primitive,join road,
EB095,465.2,5900',Cross Country,,unreliable: spring
EB104,467.0,4255',Maintained,junction to Denio 1 mile S (no resupply) Denio Junction 3 mile S (some services),reliable: Denio: library has spigot outside
EB104,467.0,4255',Maintained,junction to Denio 1 mile S (no resupply) Denio Junction 3 mile S (some services),reliable: Denio: library has spigot outside
EB105,469.4,4183',Maintained,,
EB106,472.3,4213',Maintained,,
EB107,474.4,4242',Maintained,junction  ,
EB108,475.2,4291',Maintained,junction,
EB109,475.5,4311',Maintained,left at junction,
EB110,476.0,4272',Maintained,junction,
EB111,476.4,4275',Cross Country,start x-country,
EB113,477.4,4501',Primitive,rejoin 2-track road,
EB114,479.2,5148',Primitive,,
EB115,481.0,5781',Cross Country,water tank/start x-country,unreliable: Windy Pass tank
EB116,482.3,5381',Cross Country,follow No Name Creek,questionable in fall: No Name Creek
EB117,482.8,5548',Cross Country,junction,questionable in fall: No Name Creek
EB118,484.7,5876',Primitive,regain 2-track road,
EB119,485.1,5978',Primitive,,
EB120,485.6,6227',Primitive,spring,questionable: No Name Spring
EB120,485.6,6227',Primitive,spring,questionable: No Name Spring
EB121,487.3,7388',Primitive,follow fence,
EB122,487.5,7444',Primitive,left at junction,
EB123,488.1,7352',Primitive,corral,questionable: Government Corral
EB124,488.8,7375',Primitive,right at junction,
EB125,489.2,7438',Primitive,junction,reliable: trough
EB126,489.7,7451',Primitive,,
EB127,490.7,7428',Primitive,,
EB128,491.1,7234',Primitive,spring,reliable: spring
EB129,491.2,7234',Primitive,junction,
EB130,491.8,7113',Primitive,creek,reliable: Trout Creek
EB131,492.7,7457',Primitive,left at junction,
EB132,494.2,8110',Primitive,junction,
EB133,495.1,8097',Primitive,left at junction,
EB134,495.6,7943',Primitive,,
EB135,496.0,7930',Primitive,junction,
EB136,497.5,7966',Primitive,junction,
EB137,498.0,7746',Primitive,,
EB138,500.2,6982',Primitive,junction,
EB138a,501.8,6742',Primitive,,
EB149,503.7,6575',Maintained,join road,
EB149a,504.7,6552',Maintained,junction,
EB150,505.1,6535',Maintained,spring,questionable: Chicken Spring
EB151,505.8,6450',Maintained,junction,
EB152,508.2,6476',Maintained,junction,
EB153,508.7,6276',Maintained,junction/creek,questionable in fall: Fifteenmile Creek
EB154,508.8,6276',Maintained,junction,
EB155,510.4,6972',Maintained,,
EB156,510.7,6972',Maintained,junction,
EB157,511.3,6991',Maintained,spring,questionable: Gopher Spring
EB158,512.7,7044',Maintained,junction,questionable: Sheepline Canyon Spring to North
EB159,513.5,7208',Maintained,right at junction,
EB160,515.2,7244',Maintained,spring,questionable: Beaver Log Spring
EB161,516.7,7717',Maintained,junction,
EB162,516.9,7726',Cross Country,start x-country,
EB162,516.9,7726',Cross Country,,
EB163,518.0,6909',Cross Country,creek/confluence Island Canyon,reliable: Oregon Canyon Creek
EB164,518.7,6696',Cross Country,creek/confluence Fall Canyon,reliable: Oregon Canyon Creek
EB165,519.2,6519',Cross Country,creek/confluence Buck Corral Canyon,reliable: Oregon Canyon Creek
EB166,519.8,6391',Cross Country,creek/confluence west fork,reliable: Oregon Canyon Creek
EB167,521.1,6322',Cross Country,creek,reliable: Oregon Canyon Creek
EB168,522.0,5866',Cross Country,creek/confluence east canyon,reliable: Oregon Canyon Creek
EB169,522.2,6030',Cross Country,creek,reliable: Oregon Canyon Creek
EB170,522.5,5804',Cross Country,creek,reliable: Oregon Canyon Creek
EB171,524.0,5633',Cross Country,creek/climb up canyon,reliable: Oregon Canyon Creek
EB172,524.8,6312',Primitive,fence/join 2-track road,
EB173,525.1,6086',Primitive,trough,questionable: Schoolhouse Spring
EB174,525.6,5604',Primitive,junction,
EB175,526.6,5463',Primitive,reservoir,unreliable: Schoolhouse Reservoir
EB176,526.8,5394',Primitive,junction,
EB177,528.0,5213',Primitive,trough,reliable: water trough
EB178,528.8,5079',Primitive,trough,reliable: water trough
EB179,530.4,4869',Primitive,,
EB180,530.7,4839',Primitive,,
EB181,532.0,4698',Cross Country,trough/start x-country,questionable: water trough
EB181a,534.7,4560',Cross Country,,
EB182,536.1,4528',Cross Country,junction,
EB183,538.9,4600',Maintained,"meet hwy 95, McDermitt 9 miles S (all services",McDermitt 9 miles S
EB162,516.8,7726',Primitive,,
ALTMC01,518.8,7674',Primitive,right at junction,
ALTMC02,520.6,7359',Cross Country,start x-country down cottonwood creek drainage,reliable: Cottonwood Creek
ALTMC03,522.3,6243',Primitive,join primitive road at cottonwood creek,
ALTMC04,525.2,5154',Primitive,,reliable: water tank
ALTMC04a,,5030',Cross Country,,
ALTMC04b,,4974',Cross Country,,
ALTMC04c,,4885',Primitive,,
ALTMC05,525.6,4639',Primitive,right at junction,questionable: water tank
ALTMC06,527.8,4833',Primitive,junction,questionable: water tank
ALTMC07,529.4,4482',Primitive,,
ALTMC08,532.6,4446',Paved,left onto paved road,
ALTMC09,534.7,4482',Paved,,
ALTMC010,537.1,4432',Paved,McDermitt,reliable: town
ALTMC011,537.9,4442',Primitive,left onto primitive road,
ALTMC012,539.5,4495',Primitive,junction,
ALTMC013,541.0,4629',Primitive,junction,
ALTMC014,543.1,4774',Primitive,,
ALTMC015,543.6,5089',Primitive,,
ALTMC016,544.5,5174',Primitive,,questionable: water tank
ALTMC017,547.2,5479',Primitive,,unreliable: reservoir east of road
ALTMC018,,6594',Cross Country,,
OC023,548.0,6650',Primitive,,
EB183,538.9,4600',Maintained,"meet hwy 95, McDermitt 9 miles S (all services",McDermitt 9 miles S
OC001,539.5,4698',Primitive,junction,
OC002,541.4,5581',Primitive,gate,
OC003,542.8,6109',Primitive,,
OC004,543.2,6286',Primitive,reach high point,
OC005,543.7,6096',Primitive,left at junction,
OC006,545.0,5804',Primitive,left at junction,
OC007,545.6,5541',Primitive,spring,unreliable: spring
OC008,545.9,5545',Primitive,trough  ,unreliable: trough
OC009,548.0,5755',Primitive,,
OC010,548.3,5804',Primitive,junction,
OC011,548.7,5761',Primitive,junction,
OC012,550.7,5646',Cross Country,creek/start x-country,unreliable: creek
OC013,551.0,5748',Cross Country,creek/spring,questionable: Tenmile Creek & Spring
OC014,551.4,5794',Cross Country,,
OC015,552.1,6234',Cross Country,spring,unreliable: Cottonwood Spring
OC016,552.4,6243',Cross Country,,
OC017,552.8,6424',Primitive,join 2-track road,
OC018,554.1,6417',Primitive,junction,
OC019,,6437',Primitive,trough .1 W,reliable: Chicken Springs
OC020,554.9,6434',Primitive,gate,
OC021,556.8,6470',Primitive,left at junction,
OC022,557.4,6411',Primitive,,
OC023,558.6,6424',Primitive,follow fence line,
OC024,558.9,6427',Primitive,,
OC025,559.2,6434',Primitive,,
OC026,560.1,6437',Cross Country,fence/start x-country,
OC027,561.2,6306',Cross Country,spring/gate,unreliable: spring (muddy)
OC028,561.5,6217',Cross Country,,
OC029,562.1,6178',Cross Country,creek,questionable in fall: West Little Owyhee
OC030,563.2,6125',Cross Country,creek/fence,reliable: West Little Owyhee
OC031,564.3,6089',Cross Country,creek,reliable: West Little Owyhee
OC032,564.8,6076',Primitive,join 2-track road,
OC033,566.2,6171',Cross Country,start x-country,
OC033a,567.7,6243',Cross Country,,
OC034,568.4,6243',Cross Country,,
OC035,569.2,6158',Cross Country,spring at OC036 off trail,unreliable: spring
OC037,570.0,6079',Cross Country,,
OC038,570.2,6099',Primitive,join trail,
OC039,571.2,6027',Primitive,junction,
OC040,572.1,6001',Primitive,spring/trough .25 N on trail,questionable in fall: Three Week Spring/New Road Spring
OC041,573.8,5912',Primitive,junction,
OC042,574.2,5869',Maintained,junction,
OC043,576.5,5502',Primitive,river,reliable: West Little Owyhee
OC043,576.5,5502',Primitive,river,reliable: West Little Owyhee
OC044,576.7,5554',Cross Country,river,reliable: West Little Owyhee
OC045,578.2,5535',Cross Country,river,reliable: West Little Owyhee
OC046,579.6,5466',Cross Country,river,reliable: West Little Owyhee
OC047,581.2,5571',Cross Country,river/confluence with Dry Canyon,reliable: West Little Owyhee
OC048,583.0,5325',Cross Country,river,reliable: West Little Owyhee
ALTFC01,,5833',Primitive,left at junction Total distance of alternate route is 26.6 miles versus 36.3 on orginal route,
ALTFC02,,5850',Primitive,right at junction,
ALTFC03,,5709',Primitive,junction,questionable: Full stock tank
ALTFC04,,5627',Primitive,left at junction,
ALTFC05,,5486',Primitive,junction,questionable: Stock tank full 
ALTFC06,,5446',Primitive,,
ALTFC07,,5371',Primitive,cross fence line and turn right into canyon to meet route .4 or continue straight to ALTF09,
ALTFC08,,5184',Cross Country,West Little Owyhee,reliable: West Little Owyhee
ALTF09,,5315',Primitive,,
ALTF10,,5276',Primitive,,"questionable: trough full, a tad green"
ALTF11,,5223',Primitive,,
ALTF12,,5161',Primitive,,
ALTF13,,5118',Primitive,,
ALTF14,,5131',Primitive,junction,
ALTF15,,5121',Primitive,,
ALTF16,,5095',Primitive,,
ALTF17,,4890',Primitive,,
ALTF18,,4913',Primitive,junction,
ALTF19,,4619',Primitive,,
OCO70,,4114',Primitive,,
OC049,584.7,5328',Cross Country,river,reliable: West Little Owyhee
OC050,586.1,5472',Cross Country,river/old water gauge,reliable: West Little Owyhee
OC051,587.4,5394',Cross Country,river,reliable: West Little Owyhee
OC052,588.8,5194',Cross Country,river,reliable: West Little Owyhee
OC053,590.0,5184',Cross Country,river,reliable: West Little Owyhee
OC054,590.6,5328',Cross Country,river,reliable: West Little Owyhee
OC055,591.7,5236',Cross Country,river,reliable: West Little Owyhee
OC056,593.3,5075',Cross Country,river,reliable: West Little Owyhee
OC057,595.3,5007',Cross Country,river,reliable: West Little Owyhee
OC058,596.3,5023',Cross Country,river,reliable: West Little Owyhee
OC059,596.6,5164',Cross Country,river,reliable: West Little Owyhee
OC060,597.0,5007',Cross Country,river,reliable: West Little Owyhee
OC061,598.5,5039',Cross Country,river,reliable: West Little Owyhee
OC062,599.5,4816',Cross Country,river,reliable: West Little Owyhee
OC063,601.2,4787',Cross Country,river,reliable: West Little Owyhee
OC064,602.0,4646',Cross Country,river,questionable: West Little Owyhee
OC065,603.9,4577',Cross Country,river,questionable: West Little Owyhee
OC066,605.3,4616',Cross Country,river,questionable: West Little Owyhee
OC067,606.4,4364',Cross Country,river,questionable: West Little Owyhee
OC068,607.6,4560',Cross Country,river,questionable: West Little Owyhee
OC069,609.0,4288',Cross Country,river,questionable: West Little Owyhee
OC070,611.0,4114',Cross Country,river,questionable: West Little Owyhee
OC071,611.6,4045',Cross Country,join Owyhee River,reliable: Owyhee River
OC072,611.7,4167',Primitive,,
OC073,612.2,4232',Primitive,,
OC074,613.8,4324',Primitive,junction,
OC075,614.4,4045',Primitive,,
OC076,616.0,5056',Primitive,,
OC076a,617.4,4895',Primitive,junction,
OC076b,618.5,4636',Primitive,,
OC076c,619.2,4321',Primitive,,
OC076d,619.6,4112',Primitive,turn west here at the junction to access hot springs a few miles down the road,
OC076e,620.4,3972',Primitive,join Owyhee River,reliable: Owyhee River
OC077,621.0,3980',Primitive,pit toilet,reliable: Owyhee River
OC077,621.0,3980',Primitive,join trail,reliable: Owyhee River
OC078,621.7,4134',Cross Country,start x-country,
OC079,622.7,4649',Cross Country,,
OC080,623.7,4747',Cross Country,trough,unreliable: Long Canyon Reservoir
OC081,624.7,4738',Cross Country,,
OC082,625.8,4623',Cross Country,,Whitehorse Creek Reservoir to the E
OC083,629.1,4678',Cross Country,,
OC084,630.9,4564',Cross Country,river 1.2ish down Indian Canyon/reservoir,reliable: Owyhee River 1.2ish miles down Indian Canyon/unreliable: Short Canyon Reservoir 
ALTIC01,,4623',Cross Country,"Canyon Hike down Indian Canyon, approx 1.2 miles to access water",
ALTIC02,,4075',Cross Country,,
ALTIC03,,3901',River,,reliable: Owyhee River
OC085,632.8,4659',Cross Country,reservoir,unreliable: Paux Reservoir
OC086,634.2,4678',Maintained,join road,
OC087,635.5,4675',Maintained,junction,
OC088,636.2,4688',Cross Country,start x-country,
OC089,637.7,4610',Cross Country,,
OC090,638.7,4629',Cross Country,,
OC091,639.5,4560',Cross Country,cross 2-track road,
OC092,640.5,4413',Cross Country,creek/ ,unreliable: Soldier Creek
,,,,river 3ish miles down Soldier Canyon,reliable Owyhee River 3ish miles down Soldier Canyon
ALTSC01,,4413',Cross Country,Canyon Hike down Soldier Creek approx 3.1 miles to access water,
ALTSC02,,4472',Cross Country,,
ALTSC03,,4072',Cross Country,,
ALTSC04,,3645',River,,reliable: Owyhee River
OC093,640.8,4426',Primitive,,
OC096,643.0,4419',Primitive,join 2-track road,unreliable: reservoir off trail to N
OC097,644.3,4498',Primitive,,
OC098,645.6,4495',Cross Country,start x-country,
OC099,646.8,4469',Cross Country,,unreliable: reservoir off trail to N
OC100,648.8,4249',Cross Country,,
OC101,650.3,3986',Primitive,join trail,
OC102,650.9,3885',Primitive,join 2-track road,questionable: water tank off trail to N
OC103,653.2,3947',Primitive,left at junction,
OC103a,656.5,3783',Cross Country,,
OC103b,656.8,3809',Primitive,junction,
OC104,657.4,3799',Primitive,gate,
OC106,657.7,3802',Primitive,junction,questionable: water tank at OC105 W of trail - another tire trough with questionable water 0.6 m N of OC105 along road
OC107,658.8,3819',Cross Country/ Fenceline Trail,left at junction/fence,
OC108,659.8,3727',Cross Country,start x-country,
OC109,660.2,3396',Paved,campground/pit toilets,reliable: Rome Launch Campground spigot
OC110,660.8,3383',Paved,Rome (all services) Jordan Valley 32.6 miles E (all services),Rome
OC110,660.8,3383',Paved,Rome (all services) Jordan Valley 32.6 miles E (all services),Rome
OC111,662.7,3835',Paved,,
OC112,664.0,3750',Primitive,,unreliable: trough 
OC113,665.1,3737',Cross Country,,
OC114,665.3,3694',Cross Country,,reliable: Jordan Creek
OC115,665.4,3540',Cross Country,,
OC115a,666.3,3763',Cross Country,,unreliable: Pascual Reservoir btwn OC115b and c
OC115b,667.0,3789',Cross Country,,
OC115c,668.1,3858',Cross Country,,
OC116,670.3,3911',Maintained,,
OC117,671.0,3825',Primitive,left at junction,
OC118,672.0,3786',Cross Country,trough,unreliable: trough 
OC119,672.7,3694',Cross Country,,
OC120,674.4,3648',Cross Country,,
OC121,675.2,3730',Cross Country,,
OC122,676.6,3839',Cross Country,,
OC123,677.7,3747',Cross Country,,
OC124,678.8,3704',Cross Country,reservoir to W,unreliable: water trough / White Rock reservoir W 
OC125,679.7,3717',Cross Country,reservoir  ,unreliable: Red Line Reservoir
OC126,681.6,3711',Primitive,fence,
OC127,682.4,3448',Primitive,join 2-track road,
OC128,682.9,3428',Primitive,,Unreliable :Spring 
OC129,683.5,3389',Primitive,.5 W river/camping/jeep road to river OC130,reliable: Owyhee River .5 W
OC129,683.5,3389',Primitive,.5 W river/camping/jeep road to river OC130,reliable: Owyhee River .5 W
OC131,683.8,3415',Primitive,gate,
OC132,684.7,3553',Primitive,left at fork,
OC133,686.0,3419',Primitive,creek,questionable: Bogus Creek
OC134,686.3,3389',Primitive,,
OC135,688.0,3219',Primitive,start x-country,
OC136,,3251',Cross Country,river/camping OC136 .2 N,reliable: Owyhee River .2 N
OC137,688.5,3540',Cross Country,,
OC138,689.0,3907',Cross Country,cross fence,
OC139,689.4,3921',Primitive,join trail/reservoir to E,unreliable: Morcum Reservoir to E of trail
OC140,691.1,3967',Primitive,,
OC0141,692.5,4006',Primitive,junction/reservoir,unreliable: Cave Reservoir
OC141a,694.1,4193',Primitive,troughs SE off trail,unreliable: 2 troughs at bottom of hill to SE off map
OC142,696.1,4419',Primitive,junction  ,
OC143,697.0,4462',Primitive,reservoir to E,unreliable: Riley Horn Reservoir
ALTGB01,,4452',Cross Country,Total distance of alternate route is 16.5 miles versus 6.5 on orginal route,
ALTGB02,,4390',Cross Country,,
ALTGB03,,2936',Primitive,Owyhee River,reliable: Owyhee River
ALTGB04,,2900',Cross Country,,reliable: Owyhee River
ALTGB05,,2897',Cross Country,,reliable: Owyhee River
ALTGB06,,2782',Cross Country,Hot springs across the river,reliable: Owyhee River
ALTGB07,,2858',Primitive,,reliable: Owyhee River
ALTGB08,,2792',Maintained,Birch Creek Historical Ranch,reliable: Owyhee River
ALTGB09,,3527',Maintained,,
OC144,698.8,4475',Primitive,fence,
OC145,699.4,4511',Primitive,junction,unreliable: water tank & trough
OC146,702.5,4626',Primitive,,
OC147,703.0,4570',Primitive,junction,
OC148,703.5,4606',Primitive,reservoir   ,unreliable: Bench Reservoir
OC149,705.3,4757',Primitive,right at junction,
OC150,707.2,4606',Primitive,reservoir,unreliable: Claude Reservoir
OC151,708.1,4619',Primitive,left at junction,
OC152,709.5,4587',Cross Country,reservoir/start x-country,unreliable: Wild Rose Reservoir
OC153,710.9,4564',Cross Country,cross 2-track road,
OC154,711.6,4764',Cross Country,fence,
OC155,712.3,4596',Primitive,join trail  ,
OC156,712.6,4403',Primitive,spring,reliable: developed spring
OC157,713.8,3727',Primitive,,
OC158,714.2,3701',Primitive,,
OC159,715.9,3419',Cross Country,,
OC158,,3701',,"There are multiple options for this alternate. We suggest going high as indicated on the map with the solid purple line, and then you can choose to hike to Slocum Creek Campground or closer to Juniper Gulch 
Total distance of alternate route is 9 miles versus 7 on orginal route",
ALTLG1,,4649',,,
ALTLG2,,5086',,,
ALTLG3,,4718',,,
ALTLG4,,4007',,,
ALTLG5,,3739',,,
ALTLG6,,3278',,,
OC172,,2812',,,
OC160,716.2,3268',Cross Country,,
OC161,717.6,2986',Cross Country,,
OC162,718.3,2838',Cross Country,reservoir,reliable: Owyhee Reservoir (cloudy but filterable)
OC163,719.6,2782',Cross Country,creek,Reliable: Spring Creek
OC172,721.2,2812',Maintained,reservoir/Slocum Creek campground/pit toilets,reliable: Owyhee Reservoir (cloudy but filterable)
OC173,724.9,3517',Maintained,start x-country/spring 1 mile E,questionable in fall: Mud Spring 1 mile E
OC173,724.9,3517',Cross Country,,questionable in fall: Mud Spring 1 mile E
OC175,725.7,3806',Cross Country,follow west fork of gulch,
OC176,726.5,4163',Cross Country,gain ridgeline,
OC177,727.9,4121',Cross Country,spring about 1 mile N,unreliable: Shadescale Spring
OC178,728.4,3750',Cross Country,,
OC179,729.7,3314',Cross Country,,
OC180,730.8,2917',Cross Country,,
OC181,731.2,2933',Cross Country,trough,unreliable: trough (murky water)
OC182,732.2,3048',Primitive,join 2-track road,
OC183,732.8,2881',Cross Country,start x-country,reliable: Owyhee Reservoir 1 mile W
OC185,734.2,3068',Primitive,,
OC186,734.8,3051',Cross Country,start x-country,
OC187,736.4,3652',Cross Country,,
OC188,737.0,3327',Cross Country,,
OC189,737.3,3251',Cross Country,,
OC190,740.1,4026',Cross Country,,
OC191,740.6,4173',Cross Country,,
OC192,741.3,4360',Cross Country,trough start x-country,unreliable: South Sheephead Spring
OC193,743.2,4547',Primitive,join 2-track road,
OC194,743.6,4432',Cross Country,start x-country,
OC195,744.0,4449',Cross Country,spring,reliable: Rookie Canyon Spring
OC196,744.6,4738',Cross Country,,
OC197,747.2,4347',Cross Country,,
OC198,748.3,4344',Cross Country,,
OC199,749.3,3885',Cross Country,,
OC200,749.5,3550',Cross Country,,
OC201,749.9,3448',Cross Country,creek,reliable: Birch Creek (watch for poison ivy)
OC202,750.4,3071',Cross Country,creek,reliable: Birch Creek (watch for poison ivy)
OC203,750.6,3058',Primitive,creek/join 2-track road,reliable: Birch Creek (watch for poison ivy)
OC204,751.1,2799',Paved,campground,reliable: Indian Creek Campground spigot
OC205,751.7,2664',Primitive,"End! Town of Adrian 27 miles N (few services, Ontario closest town with full services)",