"** Alternate routes are colored in purple, these are options you can take along the ODT",,,,,,,,
Water Reliability Scale:,Reliable ,Questionable,,Unreliable,,,,"
"
Oregon Desert Trail Databook/Water Chart,,,,,,,,
"Do not delete any data, just add your observations so we get several sets of data per water source. 
If you would like to make global changes to the document, please download the spreadsheet and make a copy for yourself.",,,,,,,,
Map,Way Point,Distance to next Point,Mileage in  section,Total Mileage,Elevation,Trail Surface Type,Landmark,Water Details
Section 1: Badlands to Sand Spring 36.6 miles,,,,,,,,
1 of 8,CV001,0.5,0,0,3406',Trail,trailhead/water/Bend 14 miles W (all services),"canal, reliable late April to mid October"
,CV002,1.3,0.5,0.5,3409',Trail,junction Black Lava Trail,"canal, reliable late April to mid October"
,CV003,1.9,1.8,1.8,3481',Trail,junction,
,CV004,0.4,3.7,3.7,3484',Trail,"(new trail constructed in 2017, look for cairns)",
,CV005,0.9,4.1,4.1,3501',Trail,join Flat Iron Rock Trail,
,CV006,1.1,5.0,5.0,3550',Trail,,
2 of 8,CV007,1.5,6.1,6.1,3629',Trail,Flat Iron Rock,
,CV008,1.3,7.6,7.6,3625',Trail,junction,
,CV009,0.8,8.9,8.9,3743',Cross Country,trailhead/Bend 20 miles W (all services),
,CV010,0.5,9.7,9.7,3740',Primitive,cross dirt road,
3 of 8,CV011,0.3,10.2,10.2,3760',Primitive,merge with 2 track road,
,CV012,1.0,10.5,10.5,3773',Primitive,junction,
,CV013,0.3,11.5,11.5,4193',Primitive,junction,unreliable stock tanks
,CV014,1.6,11.8,11.8,4259',Primitive,continue through barbed wire fence gate,
,CV015,1.3,13.4,13.4,4633',Cross Country,start x-country,new 2021 observation
4 of 8,CV016,0.3,14.7,14.7,4672',Cross Country,,
,CV017,0.4,15.0,15.0,4764',Cross Country,gain ridge,
,CV018,0.7,15.4,15.4,4662',Primitive,regain 2-track road,
,CV019,1.0,16.1,16.1,4265',Primitive,continue through 4 way junction to OHV Trail 30,
,CV020,0.8,17.1,17.1,4337',Primitive,left at junction,
,CV021,0.3,17.9,17.9,4291',Primitive,right at junction,
5 of 8,CV022,1.3,18.2,18.2,4314',Primitive,join OHV Trail 32,
,CV023,1.1,19.5,19.5,4268',Primitive,right on OHV Trail 36,
,CV024,1.0,20.6,20.6,4403',Primitive,veer left onto OHV Trail 30,
,CV025,0.4,21.6,21.6,4278',Primitive,,
,CV026,0.3,22.0,22.0,4265',Cross Country,crossed paved Spencer Wells Road & start x-country,
,CV027,0.4,22.3,22.3,4321',Primitive,join road,
,CV028,0.2,22.7,22.7,4311',Primitive,right on road,
,CV029,0.6,22.9,22.9,4304',Primitive,cross road,
6 of 8,CV030,0.1,23.5,23.5,4439',Primitive,junction,
,CV031,1.5,23.6,23.6,4439',"primitive (looks more like a trail)
",cross fence at USFS boundry,
,CV032,0.1,25.1,25.1,5715',Primitive,junction with FS 2017-430 road,
,CV033,1.3,25.2,25.2,5630',Primitive,merge with FS 2017-400,
,CV034,0.7,26.5,26.5,5919',Maintained,right on FS 2017 road,
,CV035,0.5,27.2,27.2,6175',Primitive,"Pine Mountain campground (pit toilets, no water)",
7 of 8,CV036,3.4,27.7,27.7,6106',Primitive,junction,unreliable stock tanks
,CV037,0.6,31.1,31.1,4869',Primitive,left at junction,
,CV038,0.1,31.7,31.7,4829',Primitive,right at junction,
,CV039,,31.8,31.8,4826',Primitive,,unreliable: Antelope Spring (historically dry)
,CV040,0.2,31.8,31.8,4823',Primitive,cross road,
,CV041,0.3,32.0,32.0,4826',Primitive,follow FS 2300-310 road,
,CV042,0.2,32.3,32.3,4839',Primitive,junction,
8 of 8,CV043,0.7,32.5,32.5,4843',Primitive,junction,
,CV044,0.3,33.2,33.2,4859',Primitive,,
,CV045,0.1,33.5,33.5,4869',Primitive,junction,
,CV046,0.2,33.6,33.6,4879',Primitive,right at fork,
,CV047,1.2,33.8,33.8,4885',Primitive,right onto FS 2300-323,
,CV048,0.2,35.0,35.0,4902',Primitive,junction,
,CV049,0.3,35.2,35.2,4902',Primitive,junction,
,CV050,0.5,35.5,35.5,4911',Primitive,cross fence at Sand Spring Compensation Station,questionable: Pumice Spring
,CV051,0.4,36.0,36.0,4934',Maintained,join FS 23 road,
,CV052,0.6,36.4,36.4,4944',,Sand Springs Campground (primitive),reliable until dry years in fall: Sand Spring in campground
,,,,,,,,
Section 2: Sand Spring to South Reservoir   16.8 miles,,,,,,,,
Map,Way Point,Distance to next Point,Mileage in  section,Total Mileage,Elevation,Trail Surface Type,Landmark,Water Details
1 of 4,CV052,0.6,0,36.4,4944',Maintained,Sand Springs Campground,reliable until dry years in fall: Sand Spring in campground
,CV053,0.3,0.6,37.0,4970',Maintained,junction,
,CV054,0.4,0.9,37.3,4984',Maintained,junction,
,CV055,0.9,1.3,37.7,4980',Primitive,left at junction,
,CV056,0.2,2.2,38.6,5007',Primitive,cross road,unreliable: Plot Butte Waterhole
,CV057,0.7,2.4,38.8,5003',Primitive,cross road,unreliable: trough.2 East on road may have rainwater
,CV058,0.4,3.1,39.5,5066',Primitive,cross road,
,CV059,0.2,3.5,39.9,5049',Primitive,cross gate,unreliable: trough may have rainwater
,CV060,0.5,3.7,40.1,5046',Primitive,,
,CV060a,0.5,4.2,40.6,5056',Primitive,left at junction,unreliable: water trough/guzzler between CV060a & CV061
2 of 4,CV061,0.3,4.7,41.1,5069',Primitive,,
,CV062,0.7,5,41.4,4957',Primitive,junction,
,CV063,0.7,5.7,42.1,4980',Primitive,junction,unreliable: trough may have rainwater
,CV064,0.4,6.4,42.8,5131',Primitive,cross gate,
,CV065,0.3,6.8,43.2,5177',Maintained,left on FS 2315 road,unreliable: trough half way from next CV067 off trail uphill from road
,CV066,0.6,7.1,43.5,5177',Maintained,,unreliable: trough half way from next CV067 off trail uphill from road
,CV067,0.5,7.7,44.1,5167',Maintained,right on road,
,CV068,0.4,8.2,44.6,5151',Maintained,junction,
,CV069,0.4,8.6,45.0,5151',Maintained,junction,unreliable: fenced in water hole .3 east
,CV070,1.2,9,45.4,5144',Maintained,,
3 of 4,CV071,0.3,10.2,46.6,5177',Maintained,junction,
,CV072,0.6,10.5,46.9,5144',Primitive,junction,
,CV073,0.6,11.1,47.5,5138',Primitive,junction,
,CV074,0.6,11.7,48.1,5118',Primitive,cross road,
,CV075,0.8,12.3,48.7,5210',Primitive,left at fork,
,CV076,0.2,13.1,49.5,5135',Primitive,junction,unreliable: trough may have rainwater
4 of 4,CV078,0.2,13.3,49.7,5164',Primitive,,
,CV079,0.8,13.5,49.9,5325',Primitive,,
,CV080,0.2,14.3,50.7,5098',Primitive,left at junction,
,CV081,1.5,14.5,50.9,5092',Primitive,,
,CV082,0.4,16,52.4,4849',Primitive,junction,
,CV083,0.2,16.4,52.8,4829',Primitive,left at junction,
,CV084,0.2,16.6,53.0,4793',Primitive,left at junction,
,CV085,0.5,16.8,53.2,4833',Primitive,junction/reservoir,unreliable: South Reservoir cow pond
,CV086,,,,4724',,1.5 miles off trail,"relieable: Aspen Butte Well (trough) turned on in early May, off at end of Sept"
,,,,,,,,
Section 3: South Reservoir to Lost Forest   27.7 miles,,,,,,,,
Map,Way Point,Distance to next Point,Mileage in  section,Total Mileage,Elevation,Trail Surface Type,Landmark,Water Details
1 of 7,CV085,0.5,0,53.2,4833',Cross Country,start x-country/reservoir,unreliable: South Reservoir cow pond
,CV087,1.4,0.5,53.7,4852',Cross Country,,
,CV088,1.9,1.9,55.1,4724',Primitive,join road,
,CV089,0.4,3.8,57.0,4642',Primitive,cross gate,
2 of 7,CV090,1.8,4.2,57.4,4616',Primitive,cross gate,
,CV091,0.5,6,59.2,4511',Cross Country,start x-country,
,CV91A,0.2,6.5,59.7,4511',Cross Country,Junction with CV Alternate,
,CV092,0.3,6.7,59.9,4475',Primitive,join road,
,CV093,0.9,7,60.2,4469',Cross Country,"start x-country, follow fence line",
3 of 7,CV094,2,7.9,61.1,4403',Cross Country,cross Millican Road,
,CV095,2,9.9,63.1,4478',Cross Country,cross road,
4 of 7,CV096,2.2,11.9,65.1,4495',Cross Country,cross road,
,CV097,0.6,14.1,67.3,4528',Cross Country,cross dry Peter's Creek drainage,
,CV098,0.3,14.7,67.9,4577',Maintained,join Frederick Butte Road,
,CV099,0.1,15,68.2,4600',Maintained,junction to Peters OHV  campground & water,
,CV100,,,,4606',Maintained,Peter's Creek OHV campground entrance .2 miles off trail,
,CV101,,,,4593',Cross Country,.1 miles off trail,reliable: water spigots - Peters OHV Campground 
,CV102,1.9,15.1,68.2,4600',Primitive,,
,CV103,0.4,17,70.1,4495',Primitive,left at 4-way junction,
5 of 7,CV104,1.1,17.4,70.5,4518',Primitive,cross gate,
,CV105,1.4,18.5,71.6,4501',Primitive,,unreliable cow troughs
,CV106,1.2,19.9,73.0,4570',Primitive,junction,
,CV107,0.2,21.1,74.2,4646',Primitive,junction,
6 of 7,CV108,2.9,21.3,74.4,4639',Primitive,right at junction,
7 of 7,CV109,1.8,24.2,77.3,4472',Cross Country,start x-country,questionable: Mean Rock Well (trough)
,CV110,1.7,26,79.1,4436',Cross Country,junction,
,CV111,,27.7,80.9,4426',Primitive,join road,
,,,,,,,,
Christmas Valley Alternate   42 miles,,,,,,,,
Map,Way Point,Distance to next Point,Mileage in  section,Total Mileage,Elevation,Trail Surface Type,Landmark,Water Details
1 of 10,CV091A,0.5,0,58.9,4511',Cross Country,,
,ALTCV01,0.1,0.5,59.4,4478',Cross Country,,
,ALTCV02,1.1,0.6,59.5,4472',Cross Country,,
,ALTCV03,0.9,1.7,60.6,4403',Primitive,join road,
,ALTCV03A,0.3,2.6,61.5,4393',Cross Country,cross lava flow,
,ALTCV04,2.3,2.9,61.8,4386',Primitive,junction,
2 of 10,ALTCV05,1.4,5.2,64.1,4446',Primitive,,
,ALTCV06,1.8,6.6,65.5,4455',Maintained,join maintained road,
,ALTCV07,1.5,8.4,67.3,4495',Primitive,junction to primitive road,
3 of 10,ALTCV10,2,9.9,68.8,4580',Primitive,junction - make a side trip to Ice Cave Pothole,unreliable guzzler
,ALTCV11,1.9,11.9,70.8,4751',Primitive,join road,"unreliable: Boundary well, ward reservoir"
4 of 10,ALTCV12,2.5,13.8,72.7,4970',Primitive,junction,
,ALTCV13,0.9,16.3,75.2,4678',Primitive,junction,
5 of 10,ALTCV14,1.4,17.2,76.1,4459',Trail  ,parking area for Crack in the Ground,
,ALTCV15,0.5,18.6,77.5,4419',Cross Country,start x-country,
,ALTCV16,0.9,19.1,78.0,4432',Primitive,join road,
6 of 10,ALTCV17,1.4,20,78.9,4341',Primitive,junction,
,ALTCV18,1,21.4,80.3,4321',Primitive,junction,
,ALTCV19,2,22.4,81.3,4324',Maintained/Paved,junction,
7 of 10,ALTCV20,1,24.4,83.3,4318',Paved,outskirts of Christmas Valley,
,ALTCV20a,2.3,25.4,84.3,4321',Paved,Christmas Valley,reliable: Christmas Valley 
,ALTCV21,0.8,27.7,86.6,4337',Paved,,
8 of 10,ALTCV22,1,28.5,87.4,4423',Primitive,junction,
,ALTCV23,0.6,29.5,88.4,4567',Primitive,junction,
,ALTCV24,2.1,30.1,89.0,4639',Primitive,,
9 of 10,ALTCV25,2.2,32.2,91.1,5003',Primitive,,
,ALTCV26,2.4,34.4,93.3,5331',Cross Country,start x-country,unreliable: Upper Corral Res
,ALTCV27,0.4,36.8,95.7,5249',Primitive,join road,unreliable: Dead Reservoir
10 of 10,ALTCV28,2.1,37.2,96.1,5243',Cross Country,start x-country,unreliable: St. Patrick Res #2
,ALTCV29,2.7,39.3,98.2,5226',Primitive,join road,unreliable: Lower Juniper Res (at base of canyon)
,WB037,,42,100.9,4954',Primitive,junction,unreliable: Coyote Bedground Res (half way to ALTCV29) and wildlife guzzler 1 mile north of Coyote Bedground Res
 ,,,,** overall mileage will differ from here depending on which alternates/routes you take,,,,
Section 4: Lost Forest to Burma Rim   18.5 miles,,,,,,,,
Map,Way Point,Distance to next Point,Mileage in  section,Total Mileage,Elevation,Trail Surface Type,Landmark,Water Details
1 of 5,CV111,0.9,0,80.9,4426',Primitive,join road,
,CV112,1,0.9,81.8,4446',Primitive,start x-country,
,CV113,0.7,1.9,82.8,4455',Cross Country,join road,
,CV114,0.5,2.6,83.5,4551',Primitive,start x-country,
,CV115,0.1,3.1,84.0,4416',Primitive,parking area,
,CV116,1.4,3.2,84.1,4413',Cross Country,"cross road, start x-country",
2 of 5,CV118,0.7,4.6,85.5,4482',Cross Country,join road,
,CV119,0.5,5.3,86.2,4518',Primitive,,
,CV120,1,5.8,86.7,4514,Primitive,,
,CV121,0.7,6.8,87.7,4554',Cross Country,start x-country,
,CV122,0.6,7.5,88.4,4688',Cross Country,,
,CV123,0.7,8.1,89.0,4849',Cross Country,,
3 of 5,CV124,1.8,8.8,89.7,4836',Cross Country,,
,CV125,1.7,10.6,91.5,4724',Cross Country,,
4 of 5,CV126,1.5,12.3,93.2,4751',Cross Country,,
,CV127,0.7,13.8,94.7,4659',Cross Country,cross road  ,
,CV128,1.4,14.5,95.4,4678',Cross Country,pass juniper tree,
,CV129,0.5,15.9,96.8,4557',Primitive,join road,
5 of 5,CV130,0.4,16.4,97.3,4577',Primitive,,
,CV131,0.7,16.8,97.7,4659',Cross Country,start x-country,
,CV132,1,17.5,98.4,4606',Cross Country,,
,CV133,,18.5,99.4,4557',Maintained,meet paved Wagontire Road. Christmas Valley 19 miles to west (all services),
,,,,,,,,
,,#REF!,,,,,,
,,,,,,,,
Region 2: West Basin and Range   Section 5: Burma Rim to Diablo Peak North,,,,,,,,
Section 5: Burma Rim to Diablo Peak North  27.5 miles,,,,,,,,
Map,Way Point,Distance to next Point,Mileage in  section,Total Mileage,Elevation,Trail Surface Type,Landmark,Water Details
1 of 6,WB001,0.7,0,99.4,4524',Primitive,meet paved Wagontire Road. Christmas Valley 19 miles to west (all services),
,WB002,1,0.7,100.1,4524',Primitive,,
,WB003,0.2,1.7,101.1,4537',Primitive,water trough,unreliable: water trough
,WB004,0.7,1.9,101.3,4462',Primitive,Midway Well,questionable: water trough
,WB005,0.2,2.6,102.0,4459',Primitive,right on road,
,WB006,0.5,2.8,102.2,4455',Primitive,,
,WB007,0.2,3.3,102.7,4459',Primitive,cross under power line,
,WB008,0.4,3.5,102.9,4455',Primitive,left at junction/trough,reliable: water trough (big blue tub of water)
,WB009,0.3,3.9,103.3,4478',Primitive,junction,
,WB010,1.1,4.2,103.6,4469',Primitive,cattle guard/power line/trough,unreliable: water trough
,WB011,0.7,5.3,104.7,4482',Primitive,trough,unreliable: water trough
2 of 6,WB012,1.1,6,105.4,4508',Primitive,junction,unreliable: water trough
,WB013,1.2,7.1,106.5,4534',Primitive,,
,WB014 ,1.4,8.3,107.7,4583',Primitive,,
,WB015,0.7,9.7,109.1,4678',Cross Country,start x-country,
,WB016,0.7,10.4,109.8,4813',Cross Country,,
3 of 6,WB017,0.6,11.1,110.5,5033',Cross Country,,
,WB018,1.1,11.7,111.1,4921',Cross Country,,
,WB019,0.5,12.8,112.2,5223',Cross Country,notch in ridge,
,WB020,0.7,13.3,112.7,5184',Cross Country,waterholes to south,unreliable: Depaoli & Packsaddle Lake
,WB021,1.1,14,113.4,5259',Cross Country,,
,WB022,0.2,15.1,114.5,5154',Cross Country,cross 2-track road,
,WB023,0.2,15.3,114.7,5292',Cross Country,,
,WB024,1.1,15.5,115.1,,,cross 2-track road/waterhole to south,unreliable: Handy waterhole
4 of 6,WB025,0.3,16.6,116.2,5322',Cross Country,,unreliable: pond
,WB026,0.5,16.9,116.5,5443',Cross Country,cairn,
,WB027,1.4,17.4,117.0,5420',Cross Country,fence,
,WB028,0.6,18.8,118.4,5102',Cross Country,,
,WB029,0.2,19.4,119.0,4977',Cross Country,cross 2-track road,
,WB030,0.7,19.6,119.2,4931',Primitive,join road,
,WB031,0.7,20.3,119.9,4780',Primitive,county waterhole,unreliable: county waterhole 15
5 of 6,WB032,0.8,21,120.6,4724',Primitive,,
,WB033,0.8,21.8,121.4,4787',Primitive,county waterhole,unreliable: county waterhole 9
,WB034,1,22.6,122.2,4944',Primitive,county waterhole mid way to WB035,unreliable: county waterhole 7
,WB035,1.1,23.6,123.2,5026',Cross Country,start x-country,
6 of 6,WB036,1.1,24.7,124.3,4672',Primitive,join 2-track,
,WB037,1.7,25.8,125.4,4954',Primitive,left at junction ,Contact ONDA for water cache info in the area odt@onda.org
,WB038,,27.5,127.1,5220',Primitive,,
,,,,,,,,
Section 6: Diablo Peak North to Paisley  33.4 miles,,,,,,,,
Map,Way Point,Distance to next Point,Mileage in  section,Total Mileage,Elevation,Trail Surface Type,Landmark,Water Details
1 of 8,WB038,0.7,0,127.1,5220',Primitive,,
,WB039,0.9,0.7,127.8,5315',Primitive,,
,WB040,1,1.6,128.7,5082',Primitive,,
,WB041,0.2,2.6,129.7,5066',Primitive,right at junction,
,WB042,0.6,2.8,129.9,5033',Cross Country,start x-country,
,WB043,0.8,3.4,130.5,5052',Cross Country,,
2 of 8,WB044,0.9,4.2,131.3,5131',Cross Country,,
,WB045,0.7,5.1,132.2,5085',Cross Country,,
,WB046,0.6,5.8,132.9,4245',Cross Country,,
,WB047,0.6,6.4,133.5,5587',Cross Country,,
,WB048,0.6,7,134.1,5945',Cross Country,Diablo Peak,
3 of 8,WB049,0.7,7.6,134.7,5702',Cross Country,,
,WB050,0.7,8.3,135.4,5577',Cross Country,,
,WB051,0.5,9,136.1,5682',Cross Country,,
,WB052,0.6,9.5,136.6,5551',Cross Country,,
,WB053,1.1,10.1,137.2,5948',Cross Country,,
,WB054,0.5,11.2,138.3,5837',Cross Country,,
4 of 8,WB055,0.6,11.7,138.8,5846',Cross Country,start downhill,
,WB056,0.7,12.3,139.4,5732',Cross Country,,
,WB057,0.7,13,140.1,5561',Cross Country,,
,WB058,0.8,13.7,140.8,5469',Primitive,join 2-track road,unreliable: Slim Reservoir to west
,WB059,0.6,14.5,141.6,5367',Primitive,,
,WB060,0.3,15.1,142.2,5354',Primitive,,
,WB061,0.6,15.4,142.5,5361',Primitive,waterhole,unreliable: Between Rim waterhole
5 of 8,WB062,0.5,16,143.1,5394',Primitive,,
,WB063,0.6,16.5,143.6,5197',Primitive,waterhole,unreliable: Inter Mountain waterhole
,WB064,0.5,17.1,144.2,5348',Primitive,,
,WB065,0.8,17.6,144.7,5305',Primitive,,
,WB066,0.9,18.4,145.5,5207',Primitive,,
,WB067,0.8,19.3,146.4,5056',Primitive,waterhole,Giant Waterhole
6 of 8,WB068,1.3,20.1,147.2,5030',Primitive,,
,WB069,1,21.4,148.5,4970',Primitive,right at junction,
,WB070,0.4,22.4,149.5,4885',Primitive,waterhole,unreliable: Rocky waterhole
,WB071,1.5,22.8,149.9,4948',Maintained,right on road,
7 of 8,WB072,1.8,24.3,151.4,4675',Maintained,,
,WB073,0.6,26.1,153.2,4459',Maintained,junction,
,WB074,1.9,26.7,153.8,4403',Maintained,,
8 of 8,WB075,1.1,28.6,155.7,4334',Paved,right on road,
,WB076,3,29.7,156.8,4341',Paved,junction,
,WB077,0.7,32.7,159.8,4449',Paved,,
,WB078,,33.4,160.5,4367',Paved,walk through town of Paisley (all services) 6.2 miles W to Summer Lake Hot springs. 29.3 miles W to town of Summer Lake,Paisley
,,,,,,,,
 Section 7: Paisley to Abert Rim South   50.1 miles,,,,,,,,
Map,Way Point,Distance to next Point,Mileage in  section,Total Mileage,Elevation,Trail Surface Type,Landmark,Water Details
1 of 9,WB078,1.5,0,160.5,4367',Paved,walk through town of Paisley (all services) 6.2 miles W to Summer Lake Hot springs. 29.3 miles W to town of Summer Lake,Paisley
,WB079,1.2,1.5,162.0,4603',Paved,,
,WB080,1.6,2.7,163.2,4626',Paved,,
2 of 9,WB081,2.8,4.3,164.8,4669',Paved,,
,WB082,0.6,7.1,167.6,4787',Paved,campground/pit toilets/water from Chewaucan River,reliable: Chewaucan River
,WB083,0.2,7.7,168.2,4888',Trail  ,Chewaucan Crossing/campground/pit toilets/water/join trail,reliable: Chewaucan River
,WB084,2,7.9,168.4,4872',Trail  ,,
3 of 9,WB085,1.1,9.9,170.4,5561',Trail  ,Cat Canyon,reliable: creek
,WB086,1.3,11,171.5,5814',Trail  ,,
,WB087,2.9,12.3,172.8,5833',Trail  ,Skunk Hollow,questionable in the fall: creek
,WB088,1.4,15.2,175.7,6227',Trail  ,Avery Pass,questionable: spring .5 miles W on road
4 of 9,WB089,1,16.6,177.1,6906',Trail  ,,
,WB090,1,17.6,178.1,6798',Trail  ,,
,WB091,1,18.6,179.1,6949',Trail  ,Morgan Butte/short side trip to lookout tower,pit toilet
,WB092,1,19.6,180.1,6598',Trail  ,junction,
,WB093,1,20.6,181.1,6857',Trail  ,spring off trail,questionable in the fall: Myers Meadow spring 
5 of 9,WB094,1.4,21.6,182.1,7024',Trail  ,,
,WB095,1.7,23,183.5,6722',Trail  ,spring  ,questionable in the fall: Round Mountain spring trough
,WB096,2,24.7,185.2,6299',Trail  ,spring between WB097,questionable: spring
,WB097,2.7,26.7,187.2,6444',Trail  ,Moss Pass - cross road/spring,reliable: Moss spring
6 of 9,WB098,3.3,29.4,189.9,5791',Trail  ,junction,unreliable: Green creek
,WB099,0.3,32.7,193.2,5233',Trail  ,creek,reliable: Pine creek
,WB100,0.9,33,193.5,5203',Primitive,,
,WB101,1,33.9,194.4,5026',Primitive,,
7 of 9,WB102,2.3,34.9,195.4,5000',Trail  ,junction/water north on trail in creek,questionable: creek
,WB103,3.7,37.2,197.7,5551',Trail  ,junction,
8 of 9,WB104,1.1,40.9,201.4,5705',Maintained,Cox Trail Head - right on road,
,WB105,0.4,42,202.5,5354',Maintained,junction,
,WB106,1.2,42.4,202.9,5279',Maintained,junction/creek,unreliable: Fawn creek
,WB107,1.3,43.6,204.1,5325',Maintained,follow Cox Creek,unreliable: possible agricultural runoff
9 of 9,WB107a,1.4,44.9,205.4,4987',Maintained,join road,Agricultural runoff 
,WB108,1.2,46.3,206.8,4931',Maintained,junction,Pond under road
,WB109,1.2,47.5,208.0,4941',Paved  ,left on 295/Lakeview 8 miles south )on 295 (all services),
,WB110,1.4,48.7,209.2,4941',Paved  ,junction,
,WB111,,50.1,210.6,4711',Paved  ,juction with Hwy 395/Valley Falls 14 miles north (limited resupply),
,,,,,,,,
Section 8: Abert Rim South to Colvin Timbers  31.2 miles,,,,,,,,
Map,Way Point,Distance to next Point,Mileage in  section,Total Mileage,Elevation,Trail Surface Type,Landmark,Water Details
1 of 6,WB111,0.2,0,210.6,4711',Maintained,juction with Hwy 395/Valley Falls 14 miles north (limited resupply),
,WB112,1.6,0.2,210.8,4718',Primitive,junction,
,WB113,0.8,1.8,212.4,5118',Primitive,Mill Trail Head - start to walk along creek,reliable: Crooked creek until WB118
,WB114,0.5,2.6,213.2,5210',Trail   ,,reliable: Crooked creek until WB118
,WB115,1.6,3.1,213.7,5390',Trail   ,junction,reliable: Crooked creek until WB118
2 of 6,WB116,1.9,4.7,215.3,5745',Trail   ,junction,reliable: Crooked creek until WB118
,WB117,1.4,6.6,217.2,6818',Trail   ,,reliable: Crooked creek until WB118
,WB118,0.6,8,218.6,6942',Trail   ,continue uphill at intersection,reliable: Crooked creek until WB118
,WB119,0.1,8.6,219.2,7060',Trail   ,cross road/South Crooked Creek Trailhead,
,WB120,1.2,8.7,219.3,7139',Trail   ,junction,
,WB121,0.8,9.9,220.5,7575',Trail   ,,
3 of 6,WB122,2.1,10.7,221.3,7608',Trail   ,junction/spring,questionable: Hanks spring
,WB123,1.9,12.8,223.4,7172',Trail   ,junction,
,WB124,0.3,14.7,225.3,6719',Trail   ,junction,
,WB125,0.1,15,225.6,6611',Trail   ,creek,reliable: First Swale creek
,WB126,1.1,15.1,225.7,6565',Trail   ,cross road/Swale Trailhead,
4 of 6,WB127,0.5,16.2,226.8,6378',Trail   ,cross dirt road,
,WB128,0.4,16.7,227.3,6168',Trail   ,cross dirt road,
,WB129,1.5,17.1,227.7,6010',Trail   ,creek,reliable: Honey creek
,WB130,0.8,18.6,229.2,5994',Trail   ,,
,WB131,0.3,19.4,230.0,6112',Trail   ,creek,reliable: creek
,WB132,0.2,19.7,230.3,6125',Trail   ,lake/campground/pit toilets,questionable: V Lake
,WB133,0.4,19.9,230.5,6135',Primitive,junction onto 2-track road,
,WB134,1.5,20.3,230.9,6135',Primitive,junction,
,WB135,0.2,21.8,232.4,6453',Primitive,creek,reliable: Little Honey creek
,WB136,0.3,22,232.6,6427',Cross Country,short x-country to road,
,WB137,0.5,22.3,232.9,6572',Primitive,junction,
,WB138,0.4,22.8,233.4,6598',Primitive,marsh,questionable in fall: Lower White Pine marsh
5 of 6,WB139,0.9,23.2,233.8,6647',Cross Country,start x-country,
,WB140,1,24.1,234.7,6870',Cross Country,cross fence,
,WB141,0.7,25.1,235.7,7037',Cross Country,,
,WB142,1.5,25.8,236.4,6880',Cross Country,,
,WB143,1.7,27.3,237.9,6952',Cross Country,,
6 of 6,WB144,1.7,29,239.6,6880',Cross Country,viewpoint/ make sharp right,
,WB145,0.5,30.7,241.3,6545',Primitive,left on road,unreliable: Priday Lake
,WB146,,31.2,241.8,6512',Primitive,junction,
,,,,,,,,
Section 9: Colvin Timbers to Plush  24 miles ,,,,,,,,
Map,Way Point,Distance to next Point,Mileage in  section,Total Mileage,Elevation,Trail Surface Type,Landmark,Water Details
1 of 6,WB146,1.2,0,241.8,6512',Primitive,junction,
,WB148,0.6,1.2,243.0,6348',Primitive,Colvin Lake to south,reliable: Colvin Lake
,WB149,0.5,1.8,243.6,6260',Primitive,creek,unreliable: Snyder Creek
,WB150,0.5,2.3,244.1,6230',Cross Country,start x-country,
,WB151,0.8,2.8,244.6,6184',Cross Country,"junction, head downhill",questionable: Lake
2 of 6,WB152,0.7,3.6,245.4,5945',Primitive,rejoin road,unreliable: Snyder Creek
,WB153,1,4.3,246.1,5988',Cross Country,start x-country,
,WB154,0.6,5.3,247.1,5948',Cross Country,,
,WB155,0.5,5.9,247.7,5988',Primitive,rejoin road,
,WB156,1.7,6.4,248.2,5866',Primitive,junction,unreliable: Pond 1/4 mile north
,WB157,0.4,8.1,249.9,6204',Primitive,junction,
3 of 6,WB158,0.8,8.5,250.3,6066',Primitive,junction,
,WB159,0.7,9.3,251.1,6230',Primitive,right  on 2-track,
,WB160,,,,6053',,,
,WB161,0.8,10,251.8,6056',Primitive,right on 2-track,
,WB162,0.5,10.8,252.6,5978',Primitive,junction,unreliable: Mud Spring .2 to the S along road
,WB163,0.4,11.3,253.1,5994',Primitive,trough,questionable: water trough
,WB164,1.3,11.7,253.5,5860',Primitive,spring,unreliable: Juniper Spring
,WB165,0.6,13,254.8,6440',Primitive,,"unreliable: Pond near the word ""Miners"" in between WB165 and WB166"
4 of 6,WB166,0.9,13.6,255.4,5971',Primitive,trough,unreliable: George Spring
,WB167,1.5,14.5,256.3,5604',Maintained,trough/join maintained road,unreliable: spring
,WB168,1.9,16,257.8,5236',Maintained,junction,
5 of 6,WB168a,1.3,17.9,259.7,4879',Maintained,junction,
,WB169,1.9,19.2,261.0,4803',Maintained,right on paved road,
6 of 6,WB170,2.9,21.1,262.9,4593',Paved,junction,
,WB171,,24,265.8,4518',Paved,Plush .9 South (all services),
,WB172,,,,4505',,(off trail) Plush (all services) Adel 18 miles S on Hwy 3-10 (limited resupply),reliable: Plush - water spigot in park at south end of town
,,,,,,,,
Section 10: Plush to Hart Mountain Headquarters 45.5 miles,,,,,,,,
Map,Way Point,Distance to next Point,Mileage in  section,Total Mileage,Elevation,Trail Surface Type,Landmark,Water Details
1 of 9,WB171,3.1,0,265.8,4518',Paved,(off trail) Plush (all services) Adel 18 miles S on Hwy 3-10 (limited resupply),reliable: Plush - water spigot in park at south end of town
,WB173,2.5,3.1,268.9,4478',Paved,begin walk around Hart Lake,unreliable: alkaline with heavy ag use
,WB174,2,5.6,271.4,4488',Primitive,south on 2-track road,
2 of 9,WB175,1.4,7.6,273.4,4505',Primitive,spring under road,reliable: spring
,WB176,0.8,9,274.8,4521',Primitive,spring uphill from road,reliable: spring
,WB177,2.1,9.8,275.6,4482',Primitive,,
3 of 9,WB178,0.8,11.9,277.7,4498',Primitive,,
,WB179,1.6,12.7,278.5,4505',Primitive,left at junction,
,WB180,0.5,14.3,280.1,4498',Primitive,trough inside fence south of jeep road,questionable: spring water in trough
,WB181,0.7,14.8,280.6,4505',Primitive,spring,unreliable: spring
4 of 9,WB181a,0.3,15.5,281.3,4495',Cross Country,,
,WB181b,0.8,15.8,281.6,4482',Primitive,meet road,
,WB181c,1.1,16.6,282.4,4511',Primitive,,
,WB182,2.9,17.7,283.5,4521',Primitive,"junction/15 miles to Adel via dirt road to the south (10 on dirt road, 5 miles west on Hwy 140)",
,WB183,,,,4541',Primitive,.4 miles south of WB182,questionable: WB183 Fisher hot springs to S. On private land. Quality of water in the canyon for drinking is debatable
,WB184,0.3,20.6,286.4,5259',Primitive,Robinson Lake,unreliable: Robinson Lake
,WB185,0.6,20.9,286.7,5338',Primitive,left at junction,
,WB186,1.9,21.5,287.3,5495',Primitive,junction,
5 of 9,WB187,1.5,23.4,289.2,5620',Primitive,dry lake on left,unreliable: Wool Lake
,WB188,3,24.9,290.7,5686',Primitive,left at junction,unreliable: Pond 2 miles north
6 of 9,WB189,0.6,27.9,293.7,5876',Primitive,spring north along trail,unreliable: spring
,WB190,0.6,28.5,294.3,5889',Primitive,old homestead,
,WB191,2.4,29.1,294.9,5873',Primitive,creek,questionable in fall: Warner Creek
,WB192,1.7,31.5,297.3,5902',Primitive,creek,reliable: Guano Creek
7 of 9,WB193,0.6,33.2,299.0,5988',Primitive,left at junction,
,WB194,0.5,33.8,299.6,6040',Primitive,junction,
,WB195,0.4,34.3,300.1,6070',Primitive,creek,reliable: Guano Creek
,WB196,0.6,34.7,300.5,6073',Primitive,junction,
,WB197,1.9,35.3,301.1,6250',Primitive,creek,reliable: Guano Creek
8 of 9,WB198,1.4,37.2,303.0,6906',Primitive,junction,reliable: at start of Guano Creek .5 mile S
,WB199,1,38.6,304.4,6398',Primitive,old homestead to west/spring at homestead,questionable in fall: spring
,WB200,1.4,39.6,305.4,6499',Primitive,junction,
,WB201,0.3,41,306.8,6070',Primitive,creek/Hot Springs Campground - pit toilets & hot springs!,reliable: Rock Creek
,WB202,0.9,41.3,307.1,6060',Primitive,,reliable: Rock Creek
9 of 9,WB203,0.9,42.2,308.0,5909',Primitive,junction,
,WB204,0.7,43.1,308.9,5817',Primitive,left at junction,
,WB205,0.9,43.8,309.6,5761',Primitive,junction,
,WB206,0.8,44.7,310.5,5719',Primitive,,
,WB208,,45.5,311.3,5617',Primitive,Hart Headquarters,reliable: spigot in parking lot 
,,,,,,,,
Section 11: Hart Mountain Headquarters to Orejana Canyon   22.7 miles,,,,,,,,
Map,Way Point,Distance to next Point,Mileage in  section,Total Mileage,Elevation,Trail Surface Type,Landmark,Water Details
1 of 6,WB208,0.5,0,311.3,5617',Primitive,Hart Headquarters,reliable: spigot in parking lot 
,WB209,0.9,0.5,311.8,5653',Primitive,right at junction,
,WB210,2.6,1.4,312.7,5591',Primitive,creek,questionable in the fall: Rock Creek
2 of 6 ,WB211,2,4,315.3,5587',Primitive,,
,WB212,1.8,6,317.3,5486',Cross Country,start x-country/spring/lake  1/2 mile E,questionable: Poker Jim Spring (ontrail) /Poker Jim Lake 1/2 mile E
3 of 6,WB213,1.6,7.8,319.1,5322',Cross Country,,
,WB214,0.6,9.4,320.7,5203',Cross Country,,
,WB215,0.6,10,321.3,5194',Cross Country,,
,WB216,0.9,10.6,321.9,5056',Cross Country,,questionable: Rock Creek - lower water in late summer
4 of 6,WB217,1.5,11.5,322.8,5010',Cross Country,creek,questionable: Rock Creek - lower water in late summer
,WB218,2.6,13,324.3,5023',Primitive,creek/rejoin trail,questionable: Rock Creek - lower water in late summer
,WB219,1.1,15.6,326.9,4951',Primitive,water hole/creek,questionable: Rock Creek - lower water in late summer
5 of 6,WB220,1.5,16.7,328.0,4941',Primitive,junction,
,WB221,1.1,18.2,329.5,4964',Primitive,left at junction,
,WB222,1.8,19.3,330.6,4938',Primitive,,
6 of 6,WB222a,1,21.1,332.4,4990',Primitive,,
,WB223,0.3,22.1,333.4,5007',Primitive,junction,
,WB224,0.3,22.4,333.7,5010',Primitive,,
,WB225,,22.7,334.0,4981',Primitive,,
,,,,,,,,
Section 12: Orejana Canyon to Frenchglen   40.2 miles,,,,,,,,
Map,Way Point,Distance to next Point,Mileage in  section,Total Mileage,Elevation,Trail Surface Type,Landmark,Water Details
1 of 9,WB224,3.1,0,334.0,5010',Primitive,,
Orejana Canyon Alternate (mileage is not included in overall distance) Alternate is 5 miles,AltOC01,0.1,Total distance of alternate route is 5 miles versus 3.6 on orginal route,,4984',Cross Country,,
,AltOC02,3.9,,,4852',Cross Country,,unreliable: Shingle Reservoir
,AltOC03,1,,,5075',Primitive,,
2 of 9,WB225,0.5,3.1,337.1,5059',Primitive,right onto Buckhorn Canyon Road,
,ALTOC03,2.5,3.6,337.6,5060',Primitive,junction,
,WB226,0.9,6.1,340.1,5020',Primitive,junction,
,WB227,0.2,7,341.0,4941',Primitive,junction,
3 of 9,WB228,0.6,7.2,341.2,4931',Primitive,spring pond,unreliable: Buckhorn Spring
,WB229,1.2,7.8,341.8,4879',Primitive,,
,WB230,0.3,9,343.0,4905',Cross Country,gate/start x-country,Reliable: Augustine Gilbert Place (1.25 miles one way to homestead)
,WB231,3.1,9.3,343.3,4833',Primitive,join Sand Valley Augustine Road,
4 of 9 ,WB232,2.1,12.4,346.4,4731',Primitive,junction,
,WB233,1.7,14.5,348.5,4777',Primitive,spring reservoir,questionable: Mud Spring Reservoir (muddy). Landowners have given permission to continue on road to Millerplace to access the water at the old homestead
5 of 9,WB234,0.9,16.2,350.2,4672',Cross Country,,
,WB234a ,1.3,17.1,351.1,4698',Cross Country,,
,WB235,1.5,18.4,352.4,4754',Cross Country,"trough to N, hikers have permission to access water at Miller Place. Please respect the private land. No camping.",reliable: Miller Place trough & electric pump (on private land) to the N
,WB236,0.8,19.9,353.9,4734',Primitive,parellel power lines,Landowners have given permission to continue on road to Miller Place to access the water at the old homestead
6 of 9,WB236a,1.3,20.7,354.7,4764',Primitive,,
,WB237,1.6,22,356.0,4672',Cross Country,start x-country,
,WB238,0.6,23.6,357.6,4649',Cross Country,,
,WB239,1.4,24.2,358.2,4662',Primitive,rejoin 2-track road & powerlines,
7 of 9,WB240,1.8,25.6,359.6,4764',Primitive,,unreliable: Little Walls Lake .5 ESE
,WB241,0.5,27.4,361.4,4744',Primitive,,unreliable: Walls Lake .5 N on trail
,WB242,1.2,27.9,361.9,4715',Primitive,junction,
,WB243,0.2,29.1,363.1,4816',Primitive,join Jack Mountain Road,
,WB244,0.3,29.3,363.3,4803',Cross Country,start x-country,
,WB245,2,29.6,363.6,4790',Cross Country,water hole,unreliable: waterhole/seasonal creek
8 of 9,WB246,1.4,31.6,365.6,4951',Cross Country,,
,WB247,1,33,367.0,4938',Primitive,NE on 2-track road  ,
,WB248,2,34,368.0,5098',Primitive,left at junction,unreliable: Water hole .75 E on trail
9 of 9,WB249,0.7,36,370.0,5253',Primitive,reservoir,questionable: Griffith Spring Reservoir
,WB250,2.4,36.7,370.7,5207',Primitive,water hole,unreliable: water hole
,WB251,1.1,39.1,373.1,4787',Paved,join road,
,WB252,,40.2,374.2,4196',Paved,Frenchglen (all services) Burns 60 miles N on Hwy 205 (all services),Frenchglen
,,,,,,,,
Section 13: Frenchglen to South Steens Campground   18.3 miles,,,,,,,,
Map,Way Point,Distance to next Point,Mileage in  section,Total Mileage,Elevation,Trail Surface Type,Landmark,Water Details
1 of 4,WB252,0.1,0,374.2,4196',Maintained,Frenchglen (all services) Burns 60 miles N on Hwy 205 (all services),Frenchglen
,EB001,1.3,0.1,374.3,4344',Maintained,Steens Loop Road,
,EB002,0.2,1.4,375.6,4203',Maintained,junction,
,EB003,1.2,1.6,375.8,4209',Maintained,junciton,
,EB004&5,0.3,2.8,377.0,4259',Primitive,"junction/ .5 head E for Steens Mountain Ranch (camp store!) and over the river to Page Springs Campground ($8, water and pit toilets)",reliable: water off trail at Steens Mountain Ranch and Page Springs Campground
,EB006,1.1,3.1,377.3,4364',Primitive,junction ,
Blitzen River Trail Alternate (mileage is not included in overall distance),EB04&05,0.1,Total distance of alternate route is 6 miles versus 6.1 on orginal route,,4259',Maintained,,reliable: Donner & Blitzen River
,ALTBRT01,0.6,,,4255',Trail ,,reliable: Donner & Blitzen River
,ALTBRT02,0.9,,,4344',Trail,,reliable: Donner & Blitzen River
,ALTBRT03,2.8,,,4495',Trail,,reliable: Donner & Blitzen River
,ALTBRT04,0.7,,,4524',Cross Country,confluence with Fish Creek,reliable: Donner & Blitzen River
,ALTBRT05,0.9,,,4859',Cross Country,meet ODT route at Big Spring,reliable: Big Spring
2 of 4,EB007,3.4,4.2,378.4,4501',Primitive,,
,EB008,0.5,7.6,381.8,4734',Primitive,,
,EB009,0.8,8.1,382.3,4465',Primitive,cross river,reliable: Donner & Blitzen River
3 of 4,EB010,1.3,8.9,383.1,4797',Cross Country (old road is pretty much gone),spring,reliable: Big Spring
,EB011,0.8,10.2,384.4,5062',Cross Country (old road is pretty much gone),junction,
,EB012,1.3,11,385.2,5262',Cross Country (old road is pretty much gone),junction,
4 of 4,EB013,3.3,12.3,386.5,5210',Cross Country (old road is pretty much gone),,
,EB014,0.5,15.6,389.8,5390',Cross Country (old road is pretty much gone),reservoir to SW,reliable: Desert Meadow Reservoir
,EB015,0.8,16.1,390.3,5371',Primitive,junction,
,EB016,0.6,16.9,391.1,5390',Cross Country,start x-country,
,EB017,0.8,17.5,391.7,5295',Cross Country,creek,reliable: Little Blitzen Creek
,EB018,,18.3,392.5,5348',Maintained,"0.1 before EB018 join maintained road/South Steens Campground -$6, water & pit toilets",reliable: South Steens Campground - spigot near pumphouse at entrance
,,,,,,,,
Section 14: South Steens Campground to East Steens Road   24 miles,,,,,,,,
Map,Way Point,Distance to next Point,Mileage in  section,Total Mileage,Elevation,Trail Surface Type,Landmark,Water Details
1 of 5,EB018,0.4,0,392.5,5348',Maintained,0.1 before EB018 join maintained road/South Steens Campground - water & pit toilets,reliable: South Steens Campground - spigot near pumphouse at entrance
,EB019,1.8,0.4,392.9,5410',Trail  ,,
,EB020,2.3,2.2,394.7,5712',Trail,creek,reliable: Little Indian Creek
2 of 5,EB020a,1.1,4.5,397.0,6204',Trail,creek,reliable: Little Indian Creek
,EB021,2.2,5.6,398.1,6352',Trail,creek,reliable: Big Indian Creek
3 of 5,EB022,1.7,7.8,400.3,7021',Cross Country,climb up ridge,
,EB023,1.1,9.5,402.0,9055',Maintained,join Steens Mountain Loop Road,reliable: spring at marshy bench area at top of climb
,EB023a,2.1,10.6,403.1,9570',Maintained,right at junction,
,EB024,1.1,12.7,405.2,9222',Trail,join trail,
,EB025,0.9,13.8,406.3,8520',Cross Country,lake/follow creek at outlet,reliable: Wildhorse Lake/creek until EB026
4 of 5,EB025a,1.6,14.7,407.2,7864',Cross Country,creek,reliable: Wildhorse Creek until EB026
,EB026,0.9,16.3,408.8,6686',Cross Country,creek,reliable: Wildhorse Creek until EB026
,EB027,0.7,17.2,409.7,6634',Cross Country,,
,EB028,0.4,17.9,410.4,6732',Cross Country,cairn/spring,questionable: spring just before next waypoint
,EB029,1,18.3,410.8,6381',Cross Country,join trail,
5 of 5,EB030,1.7,19.3,411.8,6191',Primitive,junction,questionable: trough
,EB031,2,21,413.5,5479',Cross Country,junction/start x-country,
,EB032,1,23,415.5,4541',Cross Country,join trail,questionable: spring north of waypoint
,EB033,,24,416.5,4042',Maintained,"join road/Alvord Hot Spring 1.7 N on road (bathrooms, $5 hotsprings, camping, store)",reliable: Frog springs about a mile to the south
Alvord Hot Springs Alternate (mileage is not included in overall distance),EB031,1.1,Total distance of alternate route is 4 miles versus 3 on orginal route,,5479',Primitive,junction,
,ALTAV01,1.3,,,4698',Primitive,junction,
,ALTAV02,1.6,,,4055',Paved,Alvord Hot Springs,reliable: water for sale at Hot Springs
,,,,,,,,
Section 15: East Steens Road to Fields  21.9 miles,,,,,,,,
Map,Way Point,Distance to next Point,Mileage in  section,Total Mileage,Elevation,Trail Surface Type,Landmark,Water Details
1 of 6,EB033,2.4,0,416.5,4042',Paved,"join road/Alvord Hot Spring 1.7 N on road (bathrooms, $ hotsprings, camping, store)",reliable : Frog springs about a mile south at public access to Alvord Desert
,EB034,2.1,2.4,418.9,4249',Primitive,join 2-track road,
2 of 6,EB035,1.2,4.5,421.0,4055',Cross Country,start x-country,
3 of 6,EB036,2.5,5.7,422.2,4055',Cross Country,cross 2-track road,
,EB037,1.5,8.2,424.7,4026',Cross Country,,
4 of 6,EB038,1.9,9.7,426.2,4032',Cross Country,spring,unreliable: Dixon Spring - brackish
,EB039,1.6,11.6,428.1,4032',Cross Country,,
5 of 6,EB039a,1.4,13.2,429.7,4032',Cross Country,,
,EB039b,0.4,14.6,431.1,4049',Cross Country,,
,EB040,0.2,15,431.5,4058',Cross Country,,
,EB040a,0.2,15.2,431.7,4075',Cross Country,hot springs,unreliable: high levels of arsenic and extremely hot temps
,EB041,2.3,15.4,431.9,4081',Primitive,hot springs/join 2-track road,unreliable: high levels of arsenic and extremely hot temps
6 of 6,EB041a,0.3,17.7,434.2,4088',Primitive,,
,EB042,2.1,18,434.5,4091',Primitive,right at junction,
,EB043,1.8,20.1,436.6,4242',Paved,left onto highway,
,EB044,,21.9,438.4,4226',Paved,Fields (all services),reliable: Fields
,,,,,,,,
Section 16: Fields to Denio Creek  28.6 miles,,,,,,,,
Map,Way Point,Distance to next Point,Mileage in  section,Total Mileage,Elevation,Trail Surface Type,Landmark,Water Details
1 of 6,EB044,3,0,438.4,4226',Paved,Fields (all services),reliable: Fields
,EB045,1.8,3,441.4,4183',Maintained,turn right onto dirt road from highway,
,EB046,1.2,4.8,443.2,4567',Maintained,junction,questionable: Sesena Creek
,EB047,0.9,6,444.4,4879',Maintained,junction,questionable: Sesena Creek
2 of 6,EB048,0.6,6.9,445.3,5121',Primitive,,
,EB049,0.3,7.5,445.9,5249',Primitive,,questionable: Starr Spring outlet 1 mile N
,EB050,0.6,7.8,446.2,5482',Primitive,fence coner,
,EB051,2.4,8.4,446.8,5548',Primitive,spring,reliable: Roux Spring
3 of 6,EB054,3.8,10.8,449.2,5873',Cross Country,"start x-country, follow cairns",
,C02,,,,6175',Cross Country,Cairn,
,C03,,,,6565',Cross Country,Cairn,
,C04,,,,6831',Cross Country,Cairn,
,C05,,,,6959',Cross Country,Cairn,
,C06,,,,7103',Cross Country,Cairn,
,C07,,,,7352',Cross Country,Cairn,
,C08,,,,7493',Cross Country,Cairn,
,C09,,,,7484',Cross Country,Cairn,
,C10,,,,7382',Cross Country,Cairn,
,C11,,,,7372',Cross Country,Cairn,
,C12,,,,7582',Cross Country,Cairn,
,C13,,,,7694',Cross Country,Cairn,
,C14,,,,7516',Cross Country,Cairn,
,C15,,,,7516',Cross Country,Cairn,
4 of 6,EB069,0.1,14.6,453.0,7448',Cross Country,spring,questionable in fall: spring
,EB070,4,14.7,453.1,7625',Cross Country,spring,questionable in fall: spring
,C16,,,,6444',Cross Country,Cairn,
,C17,,,,7310',Cross Country,Cairn,
,C19,,,,7654',Cross Country,Cairn,
,C20,,,,7779',Cross Country,Cairn,
,C21,,,,7556',Cross Country,Cairn,
,C22,,,,6995',Cross Country,Cairn,
,C23,,,,6978',Cross Country,Cairn,
,C24,,,,7110',Cross Country,Cairn/spring,questionable in fall: spring
,C27,,,,7096',Cross Country,Cairn,
,C29,,,,6923',Cross Country,Cairn,
,EB081,0.2,18.7,457.1,7037',Primitive,rejoin 2-track road,
5 of 6,EB082,3.3,18.9,457.3,6890',Primitive,spring/start x-country,questionable in fall: Ten Cent Meadow Spring
,C32,,,,6385',Cross Country,Cairn,
,C33,,,,6453',Cross Country,Cairn,
,C34,,,,6716',Cross Country,Cairn,
,C39,,,,6857',Cross Country,Cairn,
,C40,,,,6955',Cross Country,Cairn,
,EB089,0.8,22.2,460.6,6854',Cross Country,,
,C42,,,,6444',Cross Country,Cairn,questionable in fall: spring half way between data points
6 of 6,EB091,0.5,23,461.4,6289',Cross Country,,reliable: Denio Creek
,EB092,0.5,23.5,461.9,5846',Cross Country,,
,EB093,1,24,462.4,5965',Cross Country,,
,EB094,1.8,25,463.4,5620',Primitive,join road,
,EB095,1.8,26.8,465.2,5900',Cross Country,,unreliable: spring
,EB104,,28.6,467.0,4255',Maintained,junction to Denio 1 mile S (no resupply) Denio Junction 3 mile S (some services),reliable: Denio: library has spigot outside
,,,,,,,,
Section 17: Denio Creek to No Name Creek   18.6 miles,,,,,,,,
Map,Way Point,Distance to next Point,Mileage in  section,Total Mileage,Elevation,Trail Surface Type,Landmark,Water Details
1 of 4,EB104,2.4,0,467.0,4255',Maintained,junction to Denio 1 mile S (no resupply) Denio Junction 3 mile S (some services),reliable: Denio: library has spigot outside
,EB105,2.9,2.4,469.4,4183',Maintained,,
2 of 4,EB106,2.1,5.3,472.3,4213',Maintained,,
,EB107,0.8,7.4,474.4,4242',Maintained,junction  ,
,EB108,0.3,8.2,475.2,4291',Maintained,junction,
,EB109,0.5,8.5,475.5,4311',Maintained,left at junction,
,EB110,0.4,9,476.0,4272',Maintained,junction,
,EB111,1,9.4,476.4,4275',Cross Country,start x-country,
3 of 4,EB113,1.8,10.4,477.4,4501',Primitive,rejoin 2-track road,
,EB114,1.8,12.2,479.2,5148',Primitive,,
4 of 4,EB115,1.3,14,481.0,5781',Cross Country,water tank/start x-country,unreliable: Windy Pass tank
,EB116,0.5,15.3,482.3,5381',Cross Country,follow No Name Creek,questionable in fall: No Name Creek
,EB117,1.9,15.8,482.8,5548',Cross Country,junction,questionable in fall: No Name Creek
,EB118,0.4,17.7,484.7,5876',Primitive,regain 2-track road,
,EB119,0.5,18.1,485.1,5978',Primitive,,
,EB120,,18.6,485.6,6227',Primitive,spring,questionable: No Name Spring
,,,,,,,,
Section 18: No Name Creek to Oregon Canyon  31.3 miles,,,,,,,,
Map,Way Point,Distance to next Point,Mileage in  section,Total Mileage,Elevation,Trail Surface Type,Landmark,Water Details
1 of 7,EB120,1.7,0,485.6,6227',Primitive,spring,questionable: No Name Spring
,EB121,0.2,1.7,487.3,7388',Primitive,follow fence,
,EB122,0.6,1.9,487.5,7444',Primitive,left at junction,
,EB123,0.7,2.5,488.1,7352',Primitive,corral,questionable: Government Corral
,EB124,0.4,3.2,488.8,7375',Primitive,right at junction,
,EB125,0.5,3.6,489.2,7438',Primitive,junction,reliable: trough
,EB126,1,4.1,489.7,7451',Primitive,,
,EB127,0.4,5.1,490.7,7428',Primitive,,
,EB128,0.1,5.5,491.1,7234',Primitive,spring,reliable: spring
,EB129,0.6,5.6,491.2,7234',Primitive,junction,
2 of 7,EB130,0.9,6.2,491.8,7113',Primitive,creek,reliable: Trout Creek
,EB131,1.5,7.1,492.7,7457',Primitive,left at junction,
,EB132,0.9,8.6,494.2,8110',Primitive,junction,
,EB133,0.5,9.5,495.1,8097',Primitive,left at junction,
,EB134,0.4,10,495.6,7943',Primitive,,
,EB135,1.5,10.4,496.0,7930',Primitive,junction,
3 of 7 ,EB136,0.5,11.9,497.5,7966',Primitive,junction,
,EB137,2.2,12.4,498.0,7746',Primitive,,
,EB138,1.6,14.6,500.2,6982',Primitive,junction,
4 of 7,EB138a,1.9,16.2,501.8,6742',Primitive,,
,EB149,1,18.1,503.7,6575',Maintained,join road,
,EB149a,0.4,19.1,504.7,6552',Maintained,junction,
,EB150,0.7,19.5,505.1,6535',Maintained,spring,questionable: Chicken Spring
5 of 7,EB151,2.4,20.2,505.8,6450',Maintained,junction,
,EB152,0.5,22.6,508.2,6476',Maintained,junction,
,EB153,0.1,23.1,508.7,6276',Maintained,junction/creek,questionable in fall: Fifteenmile Creek
,EB154,1.6,23.2,508.8,6276',Maintained,junction,
6 of 7,EB155,0.3,24.8,510.4,6972',Maintained,,
,EB156,0.6,25.1,510.7,6972',Maintained,junction,
,EB157,1.4,25.7,511.3,6991',Maintained,spring,questionable: Gopher Spring
7 of 7,EB158,0.8,27.1,512.7,7044',Maintained,junction,questionable: Sheepline Canyon Spring to North
,EB159,1.7,27.9,513.5,7208',Maintained,right at junction,
,EB160,1.5,29.6,515.2,7244',Maintained,spring,questionable: Beaver Log Spring
,EB161,0.2,31.1,516.7,7717',Maintained,junction,
,EB162,,31.3,516.9,7726',Cross Country,start x-country,
,,,,,,,,
Section 19: Oregon Canyon to Hwy 95   22 miles,,,,,,,,
Map,Way Point,Distance to next Point,Mileage in  section,Total Mileage,Elevation,Trail Surface Type,Landmark,Water Details
1 of 5,EB162,1.1,0,516.9,7726',Cross Country,,
,EB163,0.7,1.1,518.0,6909',Cross Country,creek/confluence Island Canyon,reliable: Oregon Canyon Creek
,EB164,0.5,1.8,518.7,6696',Cross Country,creek/confluence Fall Canyon,reliable: Oregon Canyon Creek
,EB165,0.6,2.3,519.2,6519',Cross Country,creek/confluence Buck Corral Canyon,reliable: Oregon Canyon Creek
,EB166,1.3,2.9,519.8,6391',Cross Country,creek/confluence west fork,reliable: Oregon Canyon Creek
2 of 5,EB167,0.9,4.2,521.1,6322',Cross Country,creek,reliable: Oregon Canyon Creek
,EB168,0.2,5.1,522.0,5866',Cross Country,creek/confluence east canyon,reliable: Oregon Canyon Creek
,EB169,0.3,5.3,522.2,6030',Cross Country,creek,reliable: Oregon Canyon Creek
,EB170,1.5,5.6,522.5,5804',Cross Country,creek,reliable: Oregon Canyon Creek
,EB171,0.8,7.1,524.0,5633',Cross Country,creek/climb up canyon,reliable: Oregon Canyon Creek
,EB172,0.3,7.9,524.8,6312',Primitive,fence/join 2-track road,
,EB173,0.5,8.2,525.1,6086',Primitive,trough,questionable: Schoolhouse Spring
,EB174,1,8.7,525.6,5604',Primitive,junction,
,EB175,0.2,9.7,526.6,5463',Primitive,reservoir,unreliable: Schoolhouse Reservoir
3 of 5,EB176,1.2,9.9,526.8,5394',Primitive,junction,
,EB177,0.8,11.1,528.0,5213',Primitive,trough,reliable: water trough
,EB178,1.6,11.9,528.8,5079',Primitive,trough,reliable: water trough
4 of 5,EB179,0.3,13.5,530.4,4869',Primitive,,
,EB180,1.3,13.8,530.7,4839',Primitive,,
,EB181,2.7,15.1,532.0,4698',Cross Country,trough/start x-country,questionable: water trough
5 of 5,EB181a,1.4,17.8,534.7,4560',Cross Country,,
,EB182,2.8,19.2,536.1,4528',Cross Country,junction,
,EB183,,22,538.9,4600',Maintained,"meet hwy 95, McDermitt 9 miles S (all services",McDermitt 9 miles S
,,,,,,,,
McDermitt Alternate   33.2 miles ,,,,,,,,
Map,Way Point,Distance to next Point,Mileage in  section,Total Mileage,Elevation,Trail Surface Type,Landmark,Water Details
1 of 10,EB162,2,0,516.8,7726',Primitive,,
,ALTMC01,1.8,2,518.8,7674',Primitive,right at junction,
,ALTMC02,1.7,3.8,520.6,7359',Cross Country,start x-country down cottonwood creek drainage,reliable: Cottonwood Creek
,ALTMC03,2.9,5.5,522.3,6243',Primitive,join primitive road at cottonwood creek,
2 of 10,ALTMC04,0.4,8.4,525.2,5154',Primitive,,reliable: water tank
,ALTMC04a,0.2,8.8,,5030',Cross Country,,
,ALTMC04b,0.2,9,,4974',Cross Country,,
,ALTMC04c,0.3,9.2,,4885',Primitive,,
,ALTMC05,2.2,9.5,525.6,4639',Primitive,right at junction,questionable: water tank
3 of 10,ALTMC06,1.6,11.7,527.8,4833',Primitive,junction,questionable: water tank
,ALTMC07,3.2,13.3,529.4,4482',Primitive,,
4 of 10,ALTMC08,2.1,16.5,532.6,4446',Paved,left onto paved road,
,ALTMC09,2.4,18.6,534.7,4482',Paved,,
5 of 10,ALTMC010,0.8,21,537.1,4432',Paved,McDermitt,reliable: town
,ALTMC011,1.6,21.8,537.9,4442',Primitive,left onto primitive road,
,ALTMC012,1.5,23.4,539.5,4495',Primitive,junction,
6 of 10,ALTMC013,2.1,24.9,541.0,4629',Primitive,junction,
,ALTMC014,0.5,27,543.1,4774',Primitive,,
7 of 10,ALTMC015,0.9,27.5,543.6,5089',Primitive,,
,ALTMC016,2.7,28.4,544.5,5174',Primitive,,questionable: water tank
,ALTMC017,0.8,31.1,547.2,5479',Primitive,,unreliable: reservoir east of road
,ALTMC018,1.3,31.9,,6594',Cross Country,,
,OC023,,33.2,548.0,6650',Primitive,,
,,,,,,,,
Section 20: Hwy 95 to Anderson Crossing   37.6 miles,,,,,,,,
Map,Way Point,Distance to next Point,Mileage in  section,Total Mileage,Elevation,Trail Surface Type,Landmark,Water Details
1 of 8,EB183,0.6,0,538.9,4600',Maintained,"meet hwy 95, McDermitt 9 miles S (all services",McDermitt 9 miles S
,OC001,1.9,0.6,539.5,4698',Primitive,junction,
,OC002,1.4,2.5,541.4,5581',Primitive,gate,
,OC003,0.4,3.9,542.8,6109',Primitive,,
,OC004,0.5,4.3,543.2,6286',Primitive,reach high point,
2 of 8,OC005,1.3,4.8,543.7,6096',Primitive,left at junction,
,OC006,0.6,6.1,545.0,5804',Primitive,left at junction,
,OC007,0.3,6.7,545.6,5541',Primitive,spring,unreliable: spring
,OC008,2.1,7,545.9,5545',Primitive,trough  ,unreliable: trough
,OC009,0.3,9.1,548.0,5755',Primitive,,
,OC010,0.4,9.4,548.3,5804',Primitive,junction,
,OC011,2,9.8,548.7,5761',Primitive,junction,
3 of 8,OC012,0.3,11.8,550.7,5646',Cross Country,creek/start x-country,unreliable: creek
,OC013,0.4,12.1,551.0,5748',Cross Country,creek/spring,questionable: Tenmile Creek & Spring
,OC014,0.7,12.5,551.4,5794',Cross Country,,
,OC015,0.3,13.2,552.1,6234',Cross Country,spring,unreliable: Cottonwood Spring
,OC016,0.4,13.5,552.4,6243',Cross Country,,
,OC017,1.3,13.9,552.8,6424',Primitive,join 2-track road,
,OC018,0.8,15.2,554.1,6417',Primitive,junction,
,OC019,,,,6437',Primitive,trough .1 W,reliable: Chicken Springs
4 of 8,OC020,1.9,16,554.9,6434',Primitive,gate,
,OC021,0.6,17.9,556.8,6470',Primitive,left at junction,
,OC022,1.2,18.5,557.4,6411',Primitive,,
,OC023,0.3,19.7,558.6,6424',Primitive,follow fence line,
,OC024,0.3,20,558.9,6427',Primitive,,
5 of 8,OC025,0.9,20.3,559.2,6434',Primitive,,
,OC026,1.1,21.2,560.1,6437',Cross Country,fence/start x-country,
,OC027,0.3,22.3,561.2,6306',Cross Country,spring/gate,unreliable: spring (muddy)
,OC028,0.6,22.6,561.5,6217',Cross Country,,
,OC029,1.1,23.2,562.1,6178',Cross Country,creek,questionable in fall: West Little Owyhee
6 of 8,OC030,1.1,24.3,563.2,6125',Cross Country,creek/fence,reliable: West Little Owyhee
,OC031,0.5,25.4,564.3,6089',Cross Country,creek,reliable: West Little Owyhee
,OC032,1.4,25.9,564.8,6076',Primitive,join 2-track road,
,OC033,1.5,27.3,566.2,6171',Cross Country,start x-country,
7 of 8,OC033a,0.7,28.8,567.7,6243',Cross Country,,
,OC034,0.8,29.5,568.4,6243',Cross Country,,
,OC035,0.8,30.3,569.2,6158',Cross Country,spring at OC036 off trail,unreliable: spring
,OC037,0.2,31.1,570.0,6079',Cross Country,,
,OC038,1,31.3,570.2,6099',Primitive,join trail,
,OC039,0.9,32.3,571.2,6027',Primitive,junction,
8 of 8,OC040,1.7,33.2,572.1,6001',Primitive,spring/trough .25 N on trail,questionable in fall: Three Week Spring/New Road Spring
,OC041,0.4,34.9,573.8,5912',Primitive,junction,
,OC042,2.3,35.3,574.2,5869',Maintained,junction,
,OC043,,37.6,576.5,5502',Primitive,river,reliable: West Little Owyhee
,,,,,,,,
Section 21: Anderson Crossing to Three Forks  44.5 miles,,,,,,,,
Map,Way Point,Distance to next Point,Mileage in  section,Total Mileage,Elevation,Trail Surface Type,Landmark,Water Details
1 of 9,OC043,0.2,0,576.5,5502',Primitive,river,reliable: West Little Owyhee
,OC044,1.5,0.2,576.7,5554',Cross Country,river,reliable: West Little Owyhee
,OC045,1.4,1.7,578.2,5535',Cross Country,river,reliable: West Little Owyhee
,OC046,1.6,3.1,579.6,5466',Cross Country,river,reliable: West Little Owyhee
,OC047,1.8,4.7,581.2,5571',Cross Country,river/confluence with Dry Canyon,reliable: West Little Owyhee
,OC048,1.7,6.5,583.0,5325',Cross Country,river,reliable: West Little Owyhee
1A of 9,ALTFC01,1.5,0,Total distance of alternate route is 26.6 miles versus 36.3 on orginal route,5833',Primitive,left at junction,
,ALTFC02,2.1,1.5,,5850',Primitive,right at junction,
,ALTFC03,1.1,3.6,,5709',Primitive,junction,questionable: Full stock tank
1B of 9,ALTFC04,1.1,4.7,,5627',Primitive,left at junction,
,ALTFC05,1.8,5.8,,5486',Primitive,junction,questionable: Stock tank full 
2 of 9,ALTFC06,1.2,7.6,,5446',Primitive,,
3 of 9,ALTFC07,1.3,8.8,,5371',Primitive,cross fence line and turn right into canyon to meet route .4 or continue straight to ALTF09,
,ALTFC08,,10.1,,5184',Cross Country,West Little Owyhee,reliable: West Little Owyhee
3a of 9,ALTF09,1.3,10.1,,5315',Primitive,,
,ALTF10,1.1,11.4,,5276',Primitive,,"questionable: trough full, a tad green"
3b of 9,ALTF11,2.2,12.5,,5223',Primitive,,
,ALTF12,1.4,14.7,,5161',Primitive,,
3c of 9,ALTF13,0.7,16.1,,5118',Primitive,,
,ALTF14,1.9,16.8,,5131',Primitive,junction,
,ALTF15,1.9,18.7,,5121',Primitive,,
3d of 9,ALTF16,2.1,20.6,,5095',Primitive,,
3e of 9,ALTF17,1.3,22.7,,4890',Primitive,,
,ALTF18,1,24,,4913',Primitive,junction,
,ALTF19,1.6,25,,4619',Primitive,,
,OCO70,,26.6,,4114',Primitive,,
2 of 9,OC049,1.4,8.2,584.7,5328',Cross Country,river,reliable: West Little Owyhee
,OC050,1.3,9.6,586.1,5472',Cross Country,river/old water gauge,reliable: West Little Owyhee
,OC051,1.4,10.9,587.4,5394',Cross Country,river,reliable: West Little Owyhee
3 of 9,OC052,1.2,12.3,588.8,5194',Cross Country,river,reliable: West Little Owyhee
,OC053,0.6,13.5,590.0,5184',Cross Country,river,reliable: West Little Owyhee
,OC054,1.1,14.1,590.6,5328',Cross Country,river,reliable: West Little Owyhee
,OC055,1.6,15.2,591.7,5236',Cross Country,river,reliable: West Little Owyhee
4 of 9,OC056,2,16.8,593.3,5075',Cross Country,river,reliable: West Little Owyhee
,OC057,1,18.8,595.3,5007',Cross Country,river,reliable: West Little Owyhee
,OC058,0.3,19.8,596.3,5023',Cross Country,river,reliable: West Little Owyhee
,OC059,0.4,20.1,596.6,5164',Cross Country,river,reliable: West Little Owyhee
,OC060,1.5,20.5,597.0,5007',Cross Country,river,reliable: West Little Owyhee
,OC061,1,22,598.5,5039',Cross Country,river,reliable: West Little Owyhee
5 of 9,OC062,1.7,23,599.5,4816',Cross Country,river,reliable: West Little Owyhee
,OC063,0.8,24.7,601.2,4787',Cross Country,river,reliable: West Little Owyhee
,OC064,1.9,25.5,602.0,4646',Cross Country,river,questionable: West Little Owyhee
6 of 9,OC065,1.4,27.4,603.9,4577',Cross Country,river,questionable: West Little Owyhee
,OC066,1.1,28.8,605.3,4616',Cross Country,river,questionable: West Little Owyhee
,OC067,1.2,29.9,606.4,4364',Cross Country,river,questionable: West Little Owyhee
7 of 9,OC068,1.4,31.1,607.6,4560',Cross Country,river,questionable: West Little Owyhee
,OC069,2,32.5,609.0,4288',Cross Country,river,questionable: West Little Owyhee
,OC070,0.6,34.5,611.0,4114',Cross Country,river,questionable: West Little Owyhee
8 of 9,OC071,0.1,35.1,611.6,4045',Cross Country,join Owyhee River,reliable: Owyhee River
,OC072,0.5,35.2,611.7,4167',Primitive,,
,OC073,1.6,35.7,612.2,4232',Primitive,,
8a of 9,OC074,0.6,37.3,613.8,4324',Primitive,junction,
,OC075,1.6,37.9,614.4,4045',Primitive,,
,OC076,1.4,39.5,616.0,5056',Primitive,,
9 of 9,OC076a,1.1,40.9,617.4,4895',Primitive,junction,
,OC076b,0.7,42,618.5,4636',Primitive,,
,OC076c,0.4,42.7,619.2,4321',Primitive,,
,OC076d,0.8,43.1,619.6,4112',Primitive,turn west here at the junction to access hot springs a few miles down the road,
,OC076e,0.6,43.9,620.4,3972',Primitive,join Owyhee River,reliable: Owyhee River
,OC077,,44.5,621.0,3980',Primitive,pit toilet,reliable: Owyhee River
,,,,,,,,
Section 22: Three Forks to Rome  39.8 miles+,,,,,,,,
Map,Way Point,Distance to next Point,Mileage in  section,Total Mileage,Elevation,Trail Surface Type,Landmark,Water Details
1 of 10,OC077,0.7,0,621.0,3980',Primitive,join trail,reliable: Owyhee River
,OC078,1,0.7,621.7,4134',Cross Country,start x-country,
,OC079,1,1.7,622.7,4649',Cross Country,,
,OC080,1,2.7,623.7,4747',Cross Country,trough,unreliable: Long Canyon Reservoir
2 of 10,OC081,1.1,3.7,624.7,4738',Cross Country,,
,OC082,3.3,4.8,625.8,4623',Cross Country,,Whitehorse Creek Reservoir to the E
3 of 10,OC083,1.8,8.1,629.1,4678',Cross Country,,
,OC084,1.9,9.9,630.9,4564',Cross Country,river 1.2ish down Indian Canyon/reservoir,reliable: Owyhee River 1.2ish miles down Indian Canyon/unreliable: Short Canyon Reservoir 
,ALTIC01,0.8,"Hike down Indian Canyon, approx 1.2 miles to access water",,4623',Cross Country,Canyon,
,ALTIC02,0.4,,,4075',Cross Country,,
,ALTIC03,,,,3901',River,,reliable: Owyhee River
,OC085,1.4,11.8,632.8,4659',Cross Country,reservoir,unreliable: Paux Reservoir
4 of 10,OC086,1.3,13.2,634.2,4678',Maintained,join road,
,OC087,0.7,14.5,635.5,4675',Maintained,junction,
,OC088,1.5,15.2,636.2,4688',Cross Country,start x-country,
5 of 10,OC089,1,16.7,637.7,4610',Cross Country,,
,OC090,0.8,17.7,638.7,4629',Cross Country,,
,OC091,1,18.5,639.5,4560',Cross Country,cross 2-track road,
,OC092,0.3,19.5,640.5,4413',Cross Country,creek/ ,unreliable: Soldier Creek
,,,,,,,river 3ish miles down Soldier Canyon,reliable Owyhee River 3ish miles down Soldier Canyon
,ALTSC01,1.2,Hike down Soldier Creek approx 3.1 miles to access water,,4413',Cross Country,Canyon,
,ALTSC02,0.8,,,4472',Cross Country,,
,ALTSC03,1.1,,,4072',Cross Country,,
,ALTSC04,,,,3645',River,,reliable: Owyhee River
,OC093,2.2,19.8,640.8,4426',Primitive,,
6 of 10,OC096,1.3,22,643.0,4419',Primitive,join 2-track road,unreliable: reservoir off trail to N
,OC097,1.3,23.3,644.3,4498',Primitive,,
,OC098,1.2,24.6,645.6,4495',Cross Country,start x-country,
7 of 10,OC099,2,25.8,646.8,4469',Cross Country,,unreliable: reservoir off trail to N
,OC100,1.5,27.8,648.8,4249',Cross Country,,
8 of 10,OC101,0.6,29.3,650.3,3986',Primitive,join trail,
,OC102,2.3,29.9,650.9,3885',Primitive,join 2-track road,questionable: water tank off trail to N
9 of 10,OC103,3.3,32.2,653.2,3947',Primitive,left at junction,
,OC103a,0.3,35.5,656.5,3783',Cross Country,,
,OC103b,0.6,35.8,656.8,3809',Primitive,junction,
,OC104,0.3,36.4,657.4,3799',Primitive,gate,
10 of 10,OC106,1.1,36.7,657.7,3802',Primitive,junction,questionable: water tank at OC105 W of trail - another tire trough with questionable water 0.6 m N of OC105 along road
,OC107,1,37.8,658.8,3819',Cross Country/ Fenceline Trail,left at junction/fence,
,OC108,0.4,38.8,659.8,3727',Cross Country,start x-country,
,OC109,0.6,39.2,660.2,3396',Paved,campground/pit toilets,reliable: Rome Launch Campground spigot
,OC110,,39.8,660.8,3383',Paved,Rome (all services) Jordan Valley 32.6 miles E (all services),Rome
,,,,,,,,
Section 23: Rome to Lambert Rocks   22.7 miles,,,,,,,,
Map,Way Point,Distance to next Point,Mileage in  section,Total Mileage,Elevation,Trail Surface Type,Landmark,Water Details
1 of 6,OC110,1.9,0,660.8,3383',Paved,Rome (all services) Jordan Valley 32.6 miles E (all services),Rome
,OC111,1.3,1.9,662.7,3835',Paved,,
,OC112,1.1,3.2,664.0,3750',Primitive,,unreliable: trough 
,OC113,0.2,4.3,665.1,3737',Cross Country,,
,OC114,0.1,4.5,665.3,3694',Cross Country,,reliable: Jordan Creek
2 of 6,OC115,0.9,4.6,665.4,3540',Cross Country,,
,OC115a,0.7,5.5,666.3,3763',Cross Country,,unreliable: Pascual Reservoir btwn OC115b and c
,OC115b,1.1,6.2,667.0,3789',Cross Country,,
,OC115c,2.2,7.3,668.1,3858',Cross Country,,
3 of 6,OC116,0.7,9.5,670.3,3911',Maintained,,
,OC117,1,10.2,671.0,3825',Primitive,left at junction,
,OC118,0.7,11.2,672.0,3786',Cross Country,trough,unreliable: trough 
4 of 6,OC119,1.7,11.9,672.7,3694',Cross Country,,
,OC120,0.8,13.6,674.4,3648',Cross Country,,
,OC121,1.4,14.4,675.2,3730',Cross Country,,
,OC122,1.1,15.8,676.6,3839',Cross Country,,
5 of 6,OC123,1.1,16.9,677.7,3747',Cross Country,,
,OC124,0.9,18,678.8,3704',Cross Country,reservoir to W,unreliable: water trough / White Rock reservoir W 
,OC125,1.9,18.9,679.7,3717',Cross Country,reservoir  ,unreliable: Red Line Reservoir
6 of 6,OC126,0.8,20.8,681.6,3711',Primitive,fence,
,OC127,0.5,21.6,682.4,3448',Primitive,join 2-track road,
,OC128,0.6,22.1,682.9,3428',Primitive,,Unreliable :Spring 
,OC129,,22.7,683.5,3389',Primitive,.5 W river/camping/jeep road to river OC130,reliable: Owyhee River .5 W
,,,,,,,,
Section 24: Lambert Rocks to Leslie Gulch   41.4 miles ,,,,,,,,
Map,Way Point,Distance to next Point,Mileage in  section,Total Mileage,Elevation,Trail Surface Type,Landmark,Water Details
1 of 9,OC129,0.3,0,683.5,3389',Primitive,.5 W river/camping/jeep road to river OC130,reliable: Owyhee River .5 W
,OC131,0.9,0.3,683.8,3415',Primitive,gate,
,OC132,1.3,1.2,684.7,3553',Primitive,left at fork,
,OC133,0.3,2.5,686.0,3419',Primitive,creek,questionable: Bogus Creek
,OC134,1.7,2.8,686.3,3389',Primitive,,
,OC135,0.5,4.5,688.0,3219',Primitive,start x-country,
,OC136,,,,3251',Cross Country,river/camping OC136 .2 N,reliable: Owyhee River .2 N
,OC137,0.5,5,688.5,3540',Cross Country,,
2 of 9,OC138,0.4,5.5,689.0,3907',Cross Country,cross fence,
,OC139,1.7,5.9,689.4,3921',Primitive,join trail/reservoir to E,unreliable: Morcum Reservoir to E of trail
,OC140,1.4,7.6,691.1,3967',Primitive,,
,OC0141,1.6,9,692.5,4006',Primitive,junction/reservoir,unreliable: Cave Reservoir
3 of 9,OC141a,2,10.6,694.1,4193',Primitive,troughs SE off trail,unreliable: 2 troughs at bottom of hill to SE off map
,OC142,0.9,12.6,696.1,4419',Primitive,junction  ,
,OC143,1.8,13.5,697.0,4462',Primitive,reservoir to E,unreliable: Riley Horn Reservoir
3 of 9,ALTGB01,1.9,Total distance of alternate route is 16.5 miles versus 6.5 on orginal route,,4452',Cross Country,,
3A of 9,ALTGB02,1.5,,,4390',Cross Country,,
,ALTGB03,1,,,2936',Primitive,Owyhee River,reliable: Owyhee River
,ALTGB04,2,,,2900',Cross Country,,reliable: Owyhee River
,ALTGB05,1.6,,,2897',Cross Country,,reliable: Owyhee River
,ALTGB06,3.1,,,2782',Cross Country,Hot springs across the river,reliable: Owyhee River
3B of 9,ALTGB07,0.9,,,2858',Primitive,,reliable: Owyhee River
,ALTGB08,2.2,,,2792',Maintained,Birch Creek Historical Ranch,reliable: Owyhee River
,ALTGB09,2.3,,,3527',Maintained,,
4 of 9,OC144,0.6,15.3,698.8,4475',Primitive,fence,
,OC145,3.1,15.9,699.4,4511',Primitive,junction,unreliable: water tank & trough
5 of 9,OC146,0.5,19,702.5,4626',Primitive,,
,OC147,0.5,19.5,703.0,4570',Primitive,junction,
,OC148,1.8,20,703.5,4606',Primitive,reservoir   ,unreliable: Bench Reservoir
,OC149,1.9,21.8,705.3,4757',Primitive,right at junction,
,OC150,0.9,23.7,707.2,4606',Primitive,reservoir,unreliable: Claude Reservoir
6 of 9,OC151,1.4,24.6,708.1,4619',Primitive,left at junction,
,OC152,1.4,26,709.5,4587',Cross Country,reservoir/start x-country,unreliable: Wild Rose Reservoir
,OC153,0.7,27.4,710.9,4564',Cross Country,cross 2-track road,
,OC154,0.7,28.1,711.6,4764',Cross Country,fence,
,OC155,0.3,28.8,712.3,4596',Primitive,join trail  ,
7 of 9,OC156,1.2,29.1,712.6,4403',Primitive,spring,reliable: developed spring
,OC157,0.4,30.3,713.8,3727',Primitive,,
,OC158,1.7,30.7,714.2,3701',Primitive,,
,OC159,0.3,32.4,715.9,3419',Cross Country,,
7 of 9,OC158,2.2,Total distance of alternate route is 9 miles versus 7 on orginal route,,3701',,"There are multiple options for this alternate. We suggest going high as indicated on the map with the solid purple line, and then you can choose to hike to Slocum Creek Campground or closer to Juniper Gulch",
7a of 9,ALTLG1,1.6,,,4649',,,
,ALTLG2,0.7,,,5086',,,
,ALTLG3,0.6,,,4718',,,
,ALTLG4,0.8,,,4007',,,
,ALTLG5,1.5,,,3739',,,
9 of 9,ALTLG6,1.6,,,3278',,,
,OC172,,,,2812',,,
8 of 9,OC160,1.4,32.7,716.2,3268',Cross Country,,
,OC161,0.7,34.1,717.6,2986',Cross Country,,
,OC162,1.3,34.8,718.3,2838',Cross Country,reservoir,reliable: Owyhee Reservoir (cloudy but filterable)
,OC163,1.6,36.1,719.6,2782',Cross Country,creek,Reliable: Spring Creek
9 of 9,OC172,3.7,37.7,721.2,2812',Maintained,reservoir/Slocum Creek campground/pit toilets,reliable: Owyhee Reservoir (cloudy but filterable)
,OC173,,41.4,724.9,3517',Maintained,start x-country/spring 1 mile E,questionable in fall: Mud Spring 1 mile E
,,,,,,,,
Section 25: Leslie Gulch to Owyhee Reservoir  26.8 miles,,,,,,,,
Map,way Point,Distance to next Point,Mileage in  section,Total Mileage,Elevation,Trail Surface Type,Landmark,Water Details
1 of 7,OC173,0.8,0,724.9,3517',Cross Country,,questionable in fall: Mud Spring 1 mile E
,OC175,0.8,0.8,725.7,3806',Cross Country,follow west fork of gulch,
,OC176,1.4,1.6,726.5,4163',Cross Country,gain ridgeline,
,OC177,0.5,3,727.9,4121',Cross Country,spring about 1 mile N,unreliable: Shadescale Spring
2 of 7,OC178,1.3,3.5,728.4,3750',Cross Country,,
,OC179,1.1,4.8,729.7,3314',Cross Country,,
,OC180,0.4,5.9,730.8,2917',Cross Country,,
,OC181,1,6.3,731.2,2933',Cross Country,trough,unreliable: trough (murky water)
,OC182,0.6,7.3,732.2,3048',Primitive,join 2-track road,
3 of 7,OC183,1.4,7.9,732.8,2881',Cross Country,start x-country,reliable: Owyhee Reservoir 1 mile W
,OC185,0.6,9.3,734.2,3068',Primitive,,
,OC186,1.6,9.9,734.8,3051',Cross Country,start x-country,
,OC187,0.6,11.5,736.4,3652',Cross Country,,
4 of 7,OC188,0.3,12.1,737.0,3327',Cross Country,,
,OC189,2.8,12.4,737.3,3251',Cross Country,,
,OC190,0.5,15.2,740.1,4026',Cross Country,,
,OC191,0.7,15.7,740.6,4173',Cross Country,,
5 of 7,OC192,1.9,16.4,741.3,4360',Cross Country,trough start x-country,unreliable: South Sheephead Spring
,OC193,0.4,18.3,743.2,4547',Primitive,join 2-track road,
,OC194,0.4,18.7,743.6,4432',Cross Country,start x-country,
,OC195,0.6,19.1,744.0,4449',Cross Country,spring,reliable: Rookie Canyon Spring
6 of 7,OC196,2.6,19.7,744.6,4738',Cross Country,,
,OC197,1.1,22.3,747.2,4347',Cross Country,,
,OC198,1,23.4,748.3,4344',Cross Country,,
,OC199,0.2,24.4,749.3,3885',Cross Country,,
,OC200,0.4,24.6,749.5,3550',Cross Country,,
,OC201,0.5,25,749.9,3448',Cross Country,creek,reliable: Birch Creek (watch for poison ivy)
,OC202,0.2,25.5,750.4,3071',Cross Country,creek,reliable: Birch Creek (watch for poison ivy)
,OC203,0.5,25.7,750.6,3058',Primitive,creek/join 2-track road,reliable: Birch Creek (watch for poison ivy)
,OC204,0.6,26.2,751.1,2799',Paved,campground,reliable: Indian Creek Campground spigot
,OC205,,26.8,751.7,2664',Primitive,"End! Town of Adrian 27 miles N (few services, Ontario closest town with full services)",